id,score,full_text,created_at,user_sn,follower_count,rt_count,fv_count,longitude,latitude,location,user_location
1220040956109557761,1,"Took a double take on this one ~

Doesn‚Äôt the Virus-De-Jour  ‚ÄúCorona‚Äù 
(the air-borne one from #China -that‚Äôs killing people) 
look like the virus Emoji ü¶†ü¶†ü¶†ü¶† that was released 
late last year -2019 ?!?

Just sayin‚Äô ...

There are NO coincidences... üß™üß´‚öóÔ∏èüî¨üå°‚ÅâÔ∏è

#CDC https://t.co/ESGkfVm18m",Wed Jan 22 17:50:05 +0000 2020,Antoinette_i22,141,0,1,,,,üåéWhen myüë£stop moving üåç
1220037368813502464,1,Killer Chinese virus has been reported in the U.S. https://t.co/RBztapm1ua,Wed Jan 22 17:35:50 +0000 2020,aceline02,12,0,0,,,,
1220035725346967553,1,Killer Chinese virus has been reported in the U.S. https://t.co/ZZJOIGXGKs,Wed Jan 22 17:29:18 +0000 2020,Koreana2010,1471,0,0,,,,En todo el planeta
1220034051504951296,1,@alphacentauriii #Batsoup photos emerged online just past few days. Don‚Äôt fall for it. The true cause of the coronavirus and **exact** correlation with bat virus are still unknown. China CDC has been mystical ( as always ) in full disclosure of Coronavirus DNA sequencing to WHO. Why?,Wed Jan 22 17:22:39 +0000 2020,noahmitchell07,582,0,1,,,,United States
1220031515842830338,1,CDC confirms first US case of coronavirus that has killed 6 in China https://t.co/HEophVCaUz,Wed Jan 22 17:12:35 +0000 2020,TINOTheArtist,321,0,0,,,,"New York, New York"
1220029618184433670,1,"Travel-related stocks got hit by growing fears of the China-based coronavirus spreading around the globe. Yesterday, the CDC announced the first confirmed case of the virus in the U.S. #coronavirus #us #china #thailand #CDC #japan #southkorea #taiwan https://t.co/ZivGjyEwoP",Wed Jan 22 17:05:02 +0000 2020,KgaCapital,4,0,0,,,,"St Augustine, FL"
1220029900184141824,1,"OUR CDC protecting us well.  Who will be paying these people‚Äôs medical bills?  OH, that‚Äôs right, the American taxpayer.  Travel from CHINA should have been stopped till we knew what it was.ü§¨üò°ü§¨üò° https://t.co/vqvPcPUBtr",Wed Jan 22 17:06:09 +0000 2020,brown_eyedwoman,4336,0,0,,,,Totally Blue Area
1220030636196388864,1,@Dystopia992 #Batsoup photos emerged online just past few days. Don‚Äôt fall for it. The true cause of the coronavirus and **exact** correlation with bat virus are still unknown. China CDC has been mystical ( as always ) in full disclosure of Coronavirus DNA sequencing to WHO. Why? @MischaEDM,Wed Jan 22 17:09:05 +0000 2020,noahmitchell07,582,5,21,,,,United States
1220029148636295170,1,"Killer Chinese virus comes to the US, CDC says https://t.co/luC8PQ0Lx5 @MailOnline",Wed Jan 22 17:03:10 +0000 2020,rubengarrido28,672,1,0,,,,Maldives
1220043117740429314,2,@BBCWorld @KBSWorldTV @cnni @shujamtaro @SolomonYue @aaronMCN @WBYeats1865 @SenRickScott @DanGarrett97 @lukedepulford Chinese cook bats to eat ü§Æü§Æü§Æ#chinazi #WuhanCoronavirus #WuhanPneumonia https://t.co/z8xWQ5dXcj,Wed Jan 22 17:58:41 +0000 2020,sauwingso,512,1,2,,,,Hong Kong
1220041670101585922,2,"""Snake"" is the most probable wildlife animal reservoir for the #2019nCoV #coronavirus.

#infection #pandemic #outbreak #who #emergency #China #wuhanvirus #WuhanCoronavirus #WuhanPneumonia #crossspecies #transmission #human https://t.co/cnBW2YG1ZC",Wed Jan 22 17:52:56 +0000 2020,Khazarjude,79,2,1,,,,Pigsty
1220033980218535937,2,"@SenTomCotton Besides censorship; #CCP now exports biological moving weapons to all over the world. Can't imagine the situation after #ChineseNewYear ; the mass movement of the festival will worsen the #WuhanCoronavirus situation.
https://t.co/KjtJsQw1t9",Wed Jan 22 17:22:22 +0000 2020,HK_yellowpepe,1416,0,3,,,,
1220037360584404993,6,"Evil CHINESE market with live wolf pups, civets, dogs, cats, rats, snakes etc. 

Their lust 4 torture &amp; filthy conditions 4 animals 4 stupid food &amp; medecine has caused #WuhanCoronavirus #coranavirus They DESERVE it 

ALL international travel must be banned
https://t.co/lHHBFxhVtT",Wed Jan 22 17:35:48 +0000 2020,TinkerpussBCcat,4156,4,10,,,,Blighty
1220029633623662593,1,Manila Bulletin: Pandemic fears grow as #China #coronavirus toll rises to nine https://t.co/wxBS1FWmPk via @manilabulletin #Cebu #Philippines #Macao #HongKong #Thailand #ROC #PRC #WuhanCoronavirus,Wed Jan 22 17:05:06 +0000 2020,freddie1999,20381,0,0,,,,England
1220030108544561153,2,"WTF CHAIN!
#WuhanCoronavirus #SARS2020 maybe come from this? 
Just remind you 2003 #SARS came from Chain civets, Chinese ate civets and eat every animals. https://t.co/P0HF2mjGk6",Wed Jan 22 17:06:59 +0000 2020,CindyLa32397349,29,0,1,,,,
1220038558813126657,1,"China has advised people against traveling in and out of Wuhan, the city hit by the novel Coronavirus (2019-nCoV) linked to the deadly Severe Acute Respiratory Syndrome (SARS).
9 people have died due to the new coronavirus-related pneumonia, 291 confirmed cases and 54 suspected.",Wed Jan 22 17:40:34 +0000 2020,bluntburhan,58180,0,1,,,,Khyber Pakhtunkhwa .....üáµüá∞üíï
1220039728218636288,1,"PMBreakingNews: Breaking: There are now 543 confirmed cases of the novel coronavirus, or nCov, which originated in China. 17 people have died from the virus. - https://t.co/EkdyMBWBcc",Wed Jan 22 17:45:13 +0000 2020,Trending_NewX,252,1,1,,,,worldwide
1220032151703429121,1,"The deadly coronavirus 2019-nCoV, known as the Wuhan virus, has killed nine people and infected 440 others in China.
https://t.co/uWDfqUhwWO",Wed Jan 22 17:15:06 +0000 2020,playwithunicorn,209,0,0,,,,"Mississauga, Ontario"
1220011504730361856,1,"Coronavirus outbreak kills 17 in China; US has 1 confirmed case, health officials say https://t.co/3rtJX7KcNP",Wed Jan 22 15:53:04 +0000 2020,ABC11_WTVD,278016,1,0,,,,"Raleigh Durham, NC"
1220011113955438598,1,"It has been confirmed by the CDC that the new #coronavirus that first appeared in Wuhan, China last month, killing six and sickening hundreds, has had its first case in the United States. üëáüèø https://t.co/5nlUT8M5UH",Wed Jan 22 15:51:30 +0000 2020,TravelNoire,53452,2,0,,,,worldwide
1220002419196690438,1,"United States has its first confirmed case of a new Wuhan Corinavirus that appeared in Wuhan, China, last month, the US CDC  announced Tuesday. The coronavirus has already sickened hundreds and killed six people in Asia. China is responding epidemiologically&amp; clinically",Wed Jan 22 15:16:57 +0000 2020,LeoOzurumba,3,0,1,,,,
1220000526739308552,1,"I thought Trump had this under control....did he lie, again? Maybe not gutting the CDC would help here in the US. 
Wuhan Coronavirus Outbreak Forces Chinese to Rethink Travel Plans - The New York Times https://t.co/jFW9O9duK0",Wed Jan 22 15:09:26 +0000 2020,OBXJEN,4149,1,0,,,,"Ohio, USA"
1219999445858816001,1,CDC confirms first US case of coronavirus that has killed 17 in¬†China https://t.co/4eFZ2MUA0z https://t.co/RXKRsD3keL,Wed Jan 22 15:05:09 +0000 2020,FastiNews,34,1,0,,,,World
1219999942821011456,1,"@JackPosobiec I am more concerned with the Chinese Biochemical warfare going on in Washington state

https://t.co/Fwqya4eyiS",Wed Jan 22 15:07:07 +0000 2020,SereneApathy,91,0,0,,,,Nunna
1220004319157579776,1,"They still trust CCP will protect them
#WuhanCoronavirus https://t.co/fegHTo2h93",Wed Jan 22 15:24:30 +0000 2020,jwhc_1004,7,0,1,,,,
1220000801512275969,1,"China's SARS-like virus spreads to U.S., heightens fears of worldwide spread https://t.co/6sa7LrX8rS #WuhanCoronavirus #Coronavirus #US",Wed Jan 22 15:10:32 +0000 2020,TheWatchers_,11918,11,8,,,,
1220001261044453376,1,"#WuhanCoronavirus=Bat #SARS-like #coronavirus used by #Chinazi to wipe out #Hongkongers as shown by #NCBI, USA? Link: https://t.co/4cvjOXny3G #WuhanPneumonia #StandWithHongKong #WuhanOutbreak #ChapmanChen #KAG2020 https://t.co/nOpX3r7jk7",Wed Jan 22 15:12:21 +0000 2020,HKBNews,1365,2,4,,,,Hong Kong
1220002442126880769,1,"@SZ #WuhanCoronavirus is exported to all over the world. #ChineseNewYear2020 is just 3 days away; biological moving weapons are ready. Stay alert and sanitize your hand frequently. 
https://t.co/KjtJsQw1t9 https://t.co/bGxBoc0lLi",Wed Jan 22 15:17:03 +0000 2020,HK_yellowpepe,1416,7,15,,,,
1220009062110093312,1,Video of medics scanning plane passengers for mysterious Chinese virus stokes fears of a global epidemic https://t.co/S4xA8ivxQY,Wed Jan 22 15:43:21 +0000 2020,kimklover16,46,0,0,,,,
1220011880040689664,1,"Why the North Korea can take the action to stop the 2019-nCov to afference their country. Why the Hong Kong and China government still use the useless ideas to protect the people , also tell the lies about the total amount of people which are confirmed in suffering from 2019-nCov https://t.co/CKNmseDTD0",Wed Jan 22 15:54:33 +0000 2020,yumiling929,416,0,1,,,,
1220012287144054784,1,"Chinese authorities have urged people to stop travelling in and out of #Wuhan, the city at the centre of a new #nCoV #coronavirus outbreak that has killed nine.

https://t.co/zUCIaQlDu2 #nCoV2019",Wed Jan 22 15:56:10 +0000 2020,MicrobesInfect,70693,7,5,,,,"Paris, France"
1220009332634542088,1,"The continuing 2019-nCoV epidemic threat of novel coronaviruses to global health ‚Äî The latest 2019 novel coronavirus outbreak in Wuhan, China https://t.co/TT2oslX0ig https://t.co/USByAYPNaE",Wed Jan 22 15:44:26 +0000 2020,FarmaceuticoC,307,0,0,,,,"Community of Valencia, Spain"
1220005843057496065,1,"Fears that the China-originated 2019-nCoV could disrupt travel, commerce, and slow economic growth. Goldman said the biggest hit on real energy demand might be to jet fuel as air travel declines. jet cracks and regrade both were already selling off Tuesday #OOTT #energy #Oil",Wed Jan 22 15:30:34 +0000 2020,VKNGenergy,319,0,0,,,,New York NY
1220001711911124992,3,Biological warfare actually crossed my mind when this nCoV thing exploded. Is this how China gonna kill us? https://t.co/On8yyQSOLL,Wed Jan 22 15:14:09 +0000 2020,EropIanongPapel,35,0,1,,,,"National Capital Region, Repub"
1219999579078365185,1,"Breaking: There are now 543 confirmed cases of the novel coronavirus, or nCov, which originated in China. 17 people have died from the virus.",Wed Jan 22 15:05:40 +0000 2020,PMBreakingNews,216390,115,99,,,,
1219998262498906118,1,"The continuing 2019-nCoV epidemic threat of novel coronaviruses to global health ‚Äî The latest 2019 novel coronavirus outbreak in Wuhan, China https://t.co/UJufbulFHW",Wed Jan 22 15:00:26 +0000 2020,AlmarazRivera,85,0,0,,,,
1219812956113756161,1,CDC confirms first US case of coronavirus that has killed 6 in China https://t.co/rgbSxA2YBz ÈÄöËøá @CNBCi,Wed Jan 22 02:44:06 +0000 2020,taisam10,445,0,0,,,,"Malacca, Malaysia"
1219808239581265926,1,"Killer Chinese virus comes to the US, CDC says https://t.co/44eZqBfc4m via @MailOnline",Wed Jan 22 02:25:21 +0000 2020,SaltWaterNavy,26,0,1,,,,Blessed America 
1219808744609107968,1,"Killer Chinese virus comes to the US, CDC says https://t.co/UFM81z4OGn via @MailOnline",Wed Jan 22 02:27:22 +0000 2020,sabretoothsdrum,403,0,0,,,,#WNY
1219806921953181697,2,"Just in: Wuhan forbids social assemblies and livestock and wild animals import, says China‚Äôs National Health Commission minister Li Bin. 440 cases of the new #WuhanCoronavirus has been confirmed in China and the #coronavirus results in 9 deaths so far. 13 provinces are affected. https://t.co/Co2QQgzgvm",Wed Jan 22 02:20:07 +0000 2020,ezracheungtoto,26626,165,164,114.16016299999998,22.3803443,"Hong Kong, Hong Kong",Hong Kong
1219802915168088065,1,"Killer Chinese virus comes to the US, CDC says 

https://t.co/zC0oEqjDPe 

via @MailOnline",Wed Jan 22 02:04:12 +0000 2020,arisu_satoshi,976,0,0,,,,Êù±‰∫¨
1219855829483974656,1,"WHY...WHY...why was this man quarantine this man and or people from china ..now
Were is CDC Emergency shut down..if anyone dies..it will be CDC fault.

Washington state man who traveled to China is first U.S. victim of coronavirus https://t.co/EdUQ8yD6UE via @Yahoo",Wed Jan 22 05:34:28 +0000 2020,soloalam1,88,1,1,,,,
1219860973554749445,1,CDC confirms first US case of coronavirus that has killed 9 in¬†China https://t.co/1KvcTSvuv7 https://t.co/mGWASQ8LWD,Wed Jan 22 05:54:54 +0000 2020,medicinehelp,1411,0,0,,,,"Atlanta,GA"
1219848726283456512,1,CDC confirms first US case of coronavirus that has killed 9 in China https://t.co/VXMapV2yb1 https://t.co/1BEDyYW9P0,Wed Jan 22 05:06:14 +0000 2020,LifeboatHQ,33118,2,1,,,,Safeguarding Humanity!
1219852213159247872,1,"Coronavirus: health officials announce first known US case

It's a zoonotic virus. Possibly it arose from the conditions of intense factory farming seen in China, like VRE here in the US, or H1N1 in the Veracruzan swine factories https://t.co/SsI8LXsgDg",Wed Jan 22 05:20:06 +0000 2020,intlibecosoc,2030,1,1,,,,Occupied Tongva Territory
1219853447127691264,1,"A #Washington state man who recently traveled to #China has been diagnosed with the #coronavirus, becoming the first confirmed U.S. case of the newly identified illness that has killed six people in China and sickened some 300 others across #Asia

https://t.co/KfzdvffKcT",Wed Jan 22 05:25:00 +0000 2020,the_hindu,6275614,11,43,,,,"Chennai, India"
1219855308215988224,1,"#USA has its first confirmed case of a new #virus that appeared in #Wuhan, #China; The #coronavirus has already sickened hundreds and killed six people in #Asia. Patient is in isolation in Everett, #Washington. He is in his 30s https://t.co/OCXlFaM6nH",Wed Jan 22 05:32:23 +0000 2020,PhysicianAssist,8388,1,0,,,,International
1219858006495490048,1,"https://t.co/vgP6i8wxRI
#WuhanCoronavirus #WuhanSARS #WuhanPneumonia 
#CCP's bad to let virus spread!
Plus, #HKgov's fear 2 announce the very truth &amp; quarantine at high-speed rail from mainland!
#CCP_is_terrorist 
do not go 2 mainland &amp; wear a n95 mask if you r coming 2 #HK!",Wed Jan 22 05:43:07 +0000 2020,kuma_meow,497,0,1,,,,Planet Meow
1219854348462653440,1,This is why we can't trust any number coming out of China  #WuhanCoronavirus #WuhanPneumonia https://t.co/qUUiFIED7G,Wed Jan 22 05:28:35 +0000 2020,HongKongHFF,163,1,2,,,,Flatland
1219860912166719488,1,"@ezracheungtoto @HK_not_safe #WuhanCoronavirus #WuhanSARS #WuhanPneumonia 
#CCP's bad 2 let virus spread!
Plus, #HKgov's fear 2 announce the very truth &amp; quarantine at high-speed rail from mainland!
do not go 2 mainland &amp;
WEAR A N95 MASK!",Wed Jan 22 05:54:40 +0000 2020,kuma_meow,497,0,1,,,,Planet Meow
1219859026516664320,1,"https://t.co/JcI4YB1zwX
UP to 440 case confirmed!
#WuhanCoronavirus #WuhanSARS #WuhanPneumonia 
#CCP's bad 2 let virus spread!
Plus, #HKgov's fear 2 announce the very truth &amp; quarantine at high-speed rail from mainland!
do not go 2 mainland &amp; wear a n95 mask if u r coming 2 #HK!",Wed Jan 22 05:47:10 +0000 2020,kuma_meow,497,0,0,,,,Planet Meow
1219997826366812160,1,"@TruckerWifeLife @TheWrathOfKEK @Breaking911 I believe the CDC does a good job, as far as I know. But, common sense tells you it‚Äôs not a good thing that the virus is now here, and nine people in China have already died because of it. I read that a vaccine may take a year to develop. It is valid cause for concern.",Wed Jan 22 14:58:42 +0000 2020,cherrybos,4683,0,0,,,,United States
1219994799085932544,1,"#WHO #publichealth #Coronavirus Coronavirus outbreak kills 9 in China; US has 1 confirmed case, health officials say https://t.co/cvXETnWEZz via @abc7",Wed Jan 22 14:46:41 +0000 2020,runwithjay,21,0,0,,,,Houston
1219992722553044993,1,Killer Chinese virus has been reported in the U.S. https://t.co/2wwcYBmn5j,Wed Jan 22 14:38:26 +0000 2020,Mah_elbana,176,0,0,,,,
1219992848763883520,1,"Killer Chinese virus comes to the US, CDC says https://t.co/Cs8ckLV3xn",Wed Jan 22 14:38:56 +0000 2020,JackyKnorr,62,0,0,,,,
1219989587529031680,1,CDC confirms first case of coronavirus in the US in Washington state. It has killed 9 people in China so far. https://t.co/DkbLIvpDe9 .@CNBCnow .@CNBCi #coronavirus #CDC,Wed Jan 22 14:25:58 +0000 2020,LoriIoannou1,915,0,1,,,,New York metro area
1219989700481515520,1,"A man in Washington state has been diagnosed with the deadly coronavirus that has sickened hundreds and killed six in China, according to the Centers for Disease Control and Prevention. https://t.co/OBufiQwtr8",Wed Jan 22 14:26:25 +0000 2020,6abc,876178,3,2,,,,Philadelphia
1219990600700661762,1,CDC announces first US case of coronavirus that killed 9 in China https://t.co/o5dN7vuC28,Wed Jan 22 14:30:00 +0000 2020,jimbradyispapa,528,0,0,,,,"Lake Elsinore, CA"
1219989162088173568,1,"Coronavirus outbreak kills 9 in China; US has 1 confirmed case, health officials say: https://t.co/CjIWxIHeAt",Wed Jan 22 14:24:17 +0000 2020,ABC7Chicago,788766,2,1,,,,"Chicago, Illinois"
1219989483384233984,1,"Coronavirus: aggressive quarantine may be the only solution https://t.co/2FKeEDjXMH

#infosec #quarantine #threat #pandemic #virus #zoonotic #trade #china https://t.co/Pa8RxHY24e",Wed Jan 22 14:25:33 +0000 2020,TechnoFails,9036,0,1,,,,North America
1219987091070820352,3,@vic_tracy @Woppa1Woppa When US pay for all your crimens . I mean all civilians killed. Destroyed buildings and stolen resources. Anyway  China warned immediately to CDC.üôà,Wed Jan 22 14:16:03 +0000 2020,doc_hal,4272,0,0,,,,South America
1219987213137506305,1,CDC confirms first US case of coronavirus that has killed 9 in China @CNBC  https://t.co/J4d283MGCs,Wed Jan 22 14:16:32 +0000 2020,jjiandani,1361,0,0,,,,Chennai
1219984472101310466,1,CDC confirms first US case of coronavirus that has killed 9 in China https://t.co/Hsi9KwnGrb,Wed Jan 22 14:05:39 +0000 2020,TJ_Slats,1895,0,0,,,,
1219984874876080133,1,"@benjaminzhao72 @SenTomCotton I was referring to USA but totally get the lies given to Chinese citizens. MY Senator cares more about China than USA.
https://t.co/Ib7uxqTVcX",Wed Jan 22 14:07:15 +0000 2020,HollyinAR,1755,0,0,,,,"AR, MO, RI, NC, FL "
1219995953366614016,1,"@alphacentauriii Maybe #Australian #Canadian #British #European really wanna go to China and try bats or bat sashimiüòñüôà
#Wuhan #WuhanCoronavirus #WuhanPneumonia #wuhanvirus https://t.co/sqrhxoIdAZ",Wed Jan 22 14:51:16 +0000 2020,godblessHKplz,108,0,0,,,,
1219996550438383616,1,"Stupid Guangzhou people: 
I'm not afraid
We have a government, we are not afraid of it
PRESS: (no more masks??)
no need
We trust our government

#WuhanCoronavirus 
#ChinaVirus 
#ChinesePneumonia 
#guangzhou 
#stupid https://t.co/1hmJnCNDH0",Wed Jan 22 14:53:38 +0000 2020,neville_yk,30,1,2,,,,hong kong
1219992384739532800,1,@Heritage @BlackFionC @JJCarafano It‚Äôs a bit late to realise it... #antichinazi  #chinazi is bigger threat to the earth... see they spread over #wuhanvirus #WuhanCoronavirus ...,Wed Jan 22 14:37:05 +0000 2020,beverleylve,342,1,1,,,,
1219992574464708609,1,"i trust @prefpolice will send her back to China!
#WuhanCoronavirus #WuhanPneumonia https://t.co/BSQP9AOL0S",Wed Jan 22 14:37:50 +0000 2020,CamerillaS,351,0,0,,,,NYC
1219983679507746821,1,"@SenTomCotton Sadly we hv one confirmed case today in Hong Kong as well.

CCP has been lying for everything over 70 years &amp; I dun see how it‚Äôs gonna change. Banning travel to &amp; from China seems like the only effective measure to prevent the outbreak of #WuhanCoronavirus
https://t.co/3y7wANYSv3",Wed Jan 22 14:02:30 +0000 2020,Dalilohalalala,3332,2,30,,,,Land of Brave
1219988858038882306,2,"Crazy Chinese drinking *BAT SOUP* !
#WuhanCoronavirus #WuhanPneumonia #ChinesePneumonia #China #ChinaVirus #Wuhan #wuhanvirus https://t.co/xfhKKstGld",Wed Jan 22 14:23:04 +0000 2020,samaylive,2299,6,13,,,,Lahore
1219996136855023617,1,"@SkyNewsBreak Similar to the swine flu , China need to check all people leaving country and similarly destination country must do the same until this epidemic is under control",Wed Jan 22 14:52:00 +0000 2020,John98789413,194,2,50,,,,"Halifax, England"
1219991604750057475,1,"@AslyO13 La de China es una nueva cepa del coronarivus designado 2019-nCoV.

""China betacoronavirus show similarities to¬†betacoronaviruses¬†found in¬†bats; however, the virus is genetically distinct from other¬†coronaviruses¬†such SARS and and¬†MERS"" source: Wikipedia",Wed Jan 22 14:33:59 +0000 2020,roosgarvi,554,1,1,,,,Everywhere
1219990207199510529,1,"As @WHO Emerg Cte meets today re #nCoV China urges against travel in &amp; out of Wuhan, 8.9 mil pop &amp; central China transport hub. ""Basically, do not go to Wuhan."" Animal market is closed so clearly major worries of community transmission. China &amp; globe now at most critical stage.",Wed Jan 22 14:28:26 +0000 2020,LawrenceGostin,12551,2,10,,,,"Washington, DC"
1219985301944164352,1,China pips must be enjoying playing Plague Inc. Last month black plague tapos ngayon NCov naman.,Wed Jan 22 14:08:56 +0000 2020,raraevyuu,20,0,0,,,,
1219919913453666313,1,CDC confirms first US case of coronavirus that has killed 9 in China https://t.co/nJeGOeo0Zf ÈÄöËøá @CNBCi,Wed Jan 22 09:49:07 +0000 2020,guen_tai,351,1,0,,,,"Melaka, Malaysia"
1219921935175487488,1,"Killer Chinese virus comes to the US, CDC says https://t.co/iYY9n1kPA5 via @MailOnline",Wed Jan 22 09:57:09 +0000 2020,dennis_onken,17,0,0,,,,
1219922184283545606,1,CDC confirms first US case of coronavirus that has killed 9 in China - https://t.co/LPGChVfGOZ,Wed Jan 22 09:58:08 +0000 2020,FinanzDK,84,0,0,,,,
1219912500101165057,1,Killer Chinese virus has been reported in the U.S. https://t.co/F2q5HnPwFw,Wed Jan 22 09:19:39 +0000 2020,hookylam,39,0,0,,,,Hong Kong
1219910138322128896,1,Killer Chinese virus has been reported in the U.S. https://t.co/a5voXuuqZm,Wed Jan 22 09:10:16 +0000 2020,CedoTodorovic,51,0,0,,,,"Slavonski Brod, Croatia"
1219910513553035264,1,Killer Chinese virus has been reported in the U.S. https://t.co/9U3nxDamxH,Wed Jan 22 09:11:45 +0000 2020,theGrademe,1,0,0,,,,
1219916329538293760,2,People in #chinazi are insane. They use bat to cook with soup. No wonder why #ChinaPneumonia can spread so fast. #WuhanPneumonia #WuhanCoronavirus #China_is_terrorist #antichinazi #ChinaCoronaVirus https://t.co/Vus0sOcUrh,Wed Jan 22 09:34:52 +0000 2020,btx1120,580,0,0,,,,
1219918071818674178,3,"What a happy #ChineseNewYear 
Wasn't it the rat that spread the black plague and killed thousands of people? üò≥ @SungEmpress @DOHgov
#WuhanCoronavirus #coronavirus #WuhanOutbreak https://t.co/YRLOCEMgOQ",Wed Jan 22 09:41:47 +0000 2020,peachybrets,1156,1,0,,,,
1219914930087849985,1,Thanks #China #Beijing for lying to the world about this and making it worse. #ChinaPneumonia #coronovirus #WuhanPneumonia #WuhanCoronavirus #VirusChina #chinazi  #ChinaLies https://t.co/cZTGJrsE61,Wed Jan 22 09:29:18 +0000 2020,TaylorIndiana,81,0,0,,,,"Paris, France"
1219951831209652224,1,CDC confirms first US case of coronavirus that has killed 6 in China https://t.co/OW3MXVyPMv,Wed Jan 22 11:55:56 +0000 2020,CarolynConnor2,50,0,0,,,,
1219952013129273344,2,"@EpochTimesChina @EpochTimes ...another China biological warfare @CDC. @Davos potentially infected after China waited a week before screening. #HongKongProtests potentially infected. Iran bounty on Trump. Investigate the WHOLE record (not ""a story"") and report.",Wed Jan 22 11:56:40 +0000 2020,ttrenchj,21,0,1,,,,here
1219946795742257153,1,CDC confirms first US case of coronavirus that has killed 9 in China @CNBC  #ItsHere #üòî https://t.co/Rg39gKhyON,Wed Jan 22 11:35:56 +0000 2020,atownsquare,43781,0,0,,,,Follows You
1219947928095207424,1,China coronavirus fears grow as officials warn of mutations and spread - follow live https://t.co/LhweUskbHH,Wed Jan 22 11:40:26 +0000 2020,AnalyticaGlobal,2516,0,0,,,,Worldwide
1219944197635092480,1,CDC confirms first US case of coronavirus that has killed 9 in China https://t.co/nUehEAUXUw,Wed Jan 22 11:25:36 +0000 2020,Louiseravin,579,0,0,,,,"Lima, Ohio"
1219945707723001857,1,China coronavirus fears grow as officials warn of mutations and spread - follow live https://t.co/OdfBRh5Jf1,Wed Jan 22 11:31:36 +0000 2020,Independent,3297737,16,15,,,,"London, England"
1219939839908499456,1,"U.S. markets: Travel-related stocks got hit by growing fears of the China-based coronavirus spreading around the globe. Yesterday, the CDC announced the first confirmed case of the virus in the U.S.
#StockMarket",Wed Jan 22 11:08:17 +0000 2020,rtgunn,1028,1,1,,,,"Michigan, USA"
1219938029575593985,1,"CDC has the patent on ""new"" lab-created China virus... and the patent on vaccine against the very virus they created... insanity in powerful, unelected Alphabet agencies destroying America and Americans ? https://t.co/A7B5l8krZD",Wed Jan 22 11:01:06 +0000 2020,jefletch,486,0,0,,,,NE Ohio
1219938923927035904,1,CDC confirms first US case of coronavirus that has killed 9 in¬†China https://t.co/xuBR2E5DWE,Wed Jan 22 11:04:39 +0000 2020,TDWealthNet,5624,0,0,,,,Pompano Beach
1219938932336418816,1,....so please watch your passengers (especially those celebrating the Chinese Lunar New Year).  I realize the CDC is a month &amp; a half behind this as referenced by just starting to check 3 airports &amp; putting blame on bad food from China (my mom has never.....,Wed Jan 22 11:04:41 +0000 2020,SandraSeid2,86,0,1,,,,"Deplorable, MO"
1219939351888461824,1,CDC confirms first US case of coronavirus that has killed 9 in China https://t.co/45QzwO3cNr,Wed Jan 22 11:06:21 +0000 2020,charlesyeo,361292,0,0,,,,Singapore  /New York  /Taipei
1219950803835744257,3,"#WuhanCoronavirus, a deadly new SARS-like virus, has spread around China and to other countries. Without proper sanitation&amp;surveillance, a sea market in Wuhan‚Äòs suspected to be the pneumonia outbreak. B4 being suspended, it had been selling live cats, dogs, snakes&amp;marmots #China https://t.co/Ddsvk0jXUy",Wed Jan 22 11:51:51 +0000 2020,thieiskassie,1526,91,90,,,,
1219950813486837760,1,"If the worldüåê is somehow dominant by #CCPChina #terrorist, civilization of human beings will sure go backward for hundred years !  God bless us not! We really don't need an Emperor.
#CCP_is_terrorist #WuhanCoronavirus 
#ChinaPneumonia #tyranny https://t.co/8ZEgiPxG65",Wed Jan 22 11:51:54 +0000 2020,LTG99343359,196,0,1,,,,
1219950815009357825,1,"The #WuhanCoronavirus outbreak map matches the demarcation shown by Hu Line, the imaginary demographic line that marks a striking difference between China‚Äôs populated east and wild west. https://t.co/rRQ9bVXdKY",Wed Jan 22 11:51:54 +0000 2020,chenyuliang,783,5,17,121.415811,31.27991500000001,"Shanghai, People's Republic of China, People's Republic of China",A jigglypuff at large
1219952522279829504,1,"CAUTION!!! photos below may make you feel uncomfortableüò±üò´
GUESS WHAT IS THIS??? BAT sashimiü¶áü¶á you can never imagine what the chinese would put in their mouthüôâüôâüôâ now you know how #WuhanCoronavirus is fromüêíüêí #AnimalCruelty #maninwild #ChinaVirus #ChinaPneumonia #SARSvirus https://t.co/Cs1pxjafJi",Wed Jan 22 11:58:41 +0000 2020,yuzhouyu123,166,145,120,,,,
1219945844255817733,2,"One thing remarkable for Chinese people - No Chinese will learn from mistakes, from eating wildlife animals to hiding the fact of the #WuhanCoronavirus ... https://t.co/TiAcGiAX2H",Wed Jan 22 11:32:09 +0000 2020,karying13_hk,265,0,0,114.1398831,22.27686965,"Central & Western District, Hong Kong, Hong Kong",Hong Kong
1219941873713696768,1,"#WuhanCoronavirus 

#ABC_challenge is intended 2 raiseüåçawareness of üá®üá≥'s economic infiltration 2 oppress world's freedom &amp;human rights
Showcast sth made in #AnywherebutChina 
tag 3frds to go on

@MudShui @hkerdede @WeNeeedArt https://t.co/FJWMwfYEqx https://t.co/gPUQ6w26U3",Wed Jan 22 11:16:22 +0000 2020,Genieinalamp1,4756,24,30,,,,
1219950858177261569,1,"#2019_nCov A cold killed 2000 Americans but no one focus on this news.I know the whole world is afraid of China. hahahaha 8.17m Taiwan perple should be killed by the cold from the US and they must be honor for this
 #America #Taiwan https://t.co/g7zaPWSVaK",Wed Jan 22 11:52:04 +0000 2020,zZMwGO4V0MCjMU,9,1,1,-1.25587235,53.0003475,"Kimberley, England, United Kingdom","England, United Kingdom"
1219785340153745413,1,CDC confirms first US case of coronavirus that has killed 6 in China https://t.co/1qlUxpNMVK,Wed Jan 22 00:54:22 +0000 2020,MrArsenie,681,0,1,,,,Chicago
1219773165691256837,1,CDC confirms first US case of coronavirus that has killed 6 in China https://t.co/XhE0ajwbXq,Wed Jan 22 00:05:59 +0000 2020,kawaii_kumano,2,0,0,,,,
1220092287318929411,1,"China: *Koronavirus breaks out, having the potential to become a big pandamic*

Plague inc. players: I heard Iceland is nice thia time of year",Wed Jan 22 21:14:04 +0000 2020,FarczadiR,62,0,0,,,,At ur mom's house
1220100337459007488,1,"China‚Äôs contagious Killer virus comes to US: American man his 30s is hospitalized in Washington state with SARS-like coronavirus after visiting Wuhan, CDC says #UNIQUEMEDIAHOUSE https://t.co/LX5tGqDIIO https://t.co/d5s8558zyj",Wed Jan 22 21:46:03 +0000 2020,iCraze6,3251,0,0,,,,worldwide üåé 
1220100397500469249,1,"China‚Äôs contagious Killer virus comes to US: American man his 30s is hospitalized in Washington state with SARS-like coronavirus after visiting Wuhan, CDC says #UNIQUEMEDIAHOUSE https://t.co/npu84OGZAu https://t.co/3RG4IAomYI",Wed Jan 22 21:46:17 +0000 2020,gena_brook,28,0,0,,,,"Istanbul, Turkey"
1220098130038812672,1,@jpr007 Anything that spews out of the Mobster-In-Chief's mouth is devoid of truthfulness or sincerity.  Avoid like the new Chinese Plague that CDC is warning about.,Wed Jan 22 21:37:17 +0000 2020,WRGerman,905,0,1,,,,Earth
1220098431336796161,1,"Deadly coronavirus, with ground-zero at Wuhan, China, MUTATES &amp; has killed 17, infected up to 10,000 worldwide. CDC has begun screening at 5 US airports: LA, NY's JFK, San Fran, O'Hare in Chicago &amp; Atlanta. https://t.co/qGTJtF2Qf7",Wed Jan 22 21:38:29 +0000 2020,ErinMacAdams,6159,0,0,,,,USA üá∫üá∏
1220096157206097925,1,"15.WW2 style invasion on the West coast with Chinese jet fighters now hes about to discuss bioweapon release with his boss. The boss gives Mac2 info about an Ebola-like virus outbreak in a Research Facility in GREENLAND. It killed everyone in 10mins. CDC says its a 30,000 yr old",Wed Jan 22 21:29:26 +0000 2020,GinaPhi94724925,1103,0,2,,,,
1220103694944886784,1,"https://t.co/ur3Qq5kIOD

NZ paper believes China is lying about how many have #WuhanCoronavirus 

I agree - when they run out of hospital beds and put people into tents that is a clue it is WAY larger than 555 inflected",Wed Jan 22 21:59:23 +0000 2020,NaphiSoc,44577,3,0,,,,The Republic of New California
1220103830026833921,1,"Wuhan coronavirus outbreak kills 17 in China as first case found in US
#WuhanCoronavirus #coronavirus outbreak #kills 17 in #China as first case found in #US
https://t.co/x0AsrvPtkU",Wed Jan 22 21:59:56 +0000 2020,johnmell18,0,0,1,,,,
1220101082451308544,1,Jumping on with ‚Å¶@Johnnydontlike‚Å© to discuss the latest pandemic threat coming out of China. Join us at 2:05pmPST on ‚Å¶@KABCRadio‚Å©! #coronavirus #Pandemic #WuhanCoronavirus  https://t.co/D2QNYGw4gG,Wed Jan 22 21:49:01 +0000 2020,DrKellyVictory,10821,0,5,,,,The Wild West
1220088750904004608,1,"Chinese state media say the city of #Wuhan is shutting down outbound flights and trains as the country battles the spread of a new #WuhanCoronavirus that has sickened hundreds and killed 17.
https://t.co/5PQGsH1HAZ",Wed Jan 22 21:00:01 +0000 2020,KFOX14,119176,4,5,,,,"El Paso, Texas"
1220101143197601795,2,@dude313123123 The other side of Ramy's argument is that only China would create another crazy epidemic like this due to poor sanitation and frequent contact with wild animals,Wed Jan 22 21:49:15 +0000 2020,Not_Kissinger,415,0,1,,,,Earth
1220095802170847234,2,"""The SARS epidemic killed fewer than 800 ‚Äî far fewer than the tens of thousands of Americans who die from even a mild flu season. But Asian economies almost seized and economic damages were estimated to be about $40 billion.""
https://t.co/5QxNNzUiHZ
via @tylercowen
#coronavirus https://t.co/ezlMWFbJfX",Wed Jan 22 21:28:02 +0000 2020,BrianReedCRE,1236,0,1,,,,Southeast U.S.
1220093549548572672,1,"@pachaman1979 @ewarren Epidemic prevention and control comes from federal taxes... Which seems like a pretty good investment considering, ya know, the whole ""I hope we don't all get the plague from China"" thing.",Wed Jan 22 21:19:05 +0000 2020,NoPe024,0,0,0,,,,"Philadelphia, PA"
1220093751634219009,1,"Time to meme about the next potentially world ending event.

https://t.co/qEuKLXb1sN

#wuhan #wuhanchina #china #plague #coronavirus #epidemic #pandemic #memes #jokes #humor #comedy #cohmedy #funnyaf #funnymemes #funnyposts #originalmemes https://t.co/fjO8r1VvuI",Wed Jan 22 21:19:53 +0000 2020,memedoctor692,4,1,1,,,,
1220095026241376258,1,"@officialbarnesy @piersmorgan While the Chinese are having a shit time of it too with the spread of a viral epidemic, over to disgusting bully beef and king of gammons piers ‚Äòhas nobody mentioned me for 5 mins‚Äô Morgan to kick them while their down",Wed Jan 22 21:24:57 +0000 2020,geckofabulous,339,0,0,,,,the world
1220091868429479936,1,"@thegirlinline @Bird5Ca And as we learned with the deadly SARS epidemic, China lies HUGE about their numbers. So if they say 500 I‚Äôd guess it‚Äôs more like 5000",Wed Jan 22 21:12:24 +0000 2020,papprica,367,0,2,,,,"Port Coquitlam, British Columbia"
1220092109493080064,1,"The Lords gives up the fight and passes the Brexit bill - but @BBCNews leads with China's flue epidemic and Trump's impeachment proceedings. A far cry from yesterday's gloating, ""Johnson suffers five successive defeats"".",Wed Jan 22 21:13:21 +0000 2020,GowTolson,4910,48,119,,,,United Kingdom
1220090622926712832,1,"(3) The first cases of #Sars were in #China in late 2002. The authorities played them down &amp; were subsequently much criticised because the virus spread virtually unchecked to 37 countries, causing global panic, infecting more than 8,000 people and killing more than 750. #epidemic",Wed Jan 22 21:07:27 +0000 2020,savillj013,1630,0,0,,,,"Logan, Queensland, Australia"
1220089025509384192,2,"An outbreak of new coronavirus in China has killed at least 17 people and sickened more than 500, and has fueled fears of a deadly epidemic as hundreds of millions of people travel in China, or around the Asian region, for the Lunar New Year holiday https://t.co/dcj92zbIla",Wed Jan 22 21:01:06 +0000 2020,cnni,11011390,74,115,,,,Everywhere
1219842920225873920,1,"Killer Chinese virus comes to the US, CDC says
 https://t.co/QLXqkxlRSi",Wed Jan 22 04:43:10 +0000 2020,sminaev2015,26902,5,8,,,,
1219844392745422848,1,Killer Chinese virus has been reported in the U.S. https://t.co/eHygzlRjuu,Wed Jan 22 04:49:01 +0000 2020,homes4ubarbara,114,0,0,,,,"Hernando, MS"
1219843702845136896,1,#WuhanCoronavirus #ChinaPneumonia  now the most popular game in Chinese App Store is plague inc. #howChinaFaceFear https://t.co/lb3oHrVxh0,Wed Jan 22 04:46:17 +0000 2020,shadowww_gu,14,7,34,,,,
1219832663743197184,1,"@wallisweaver 2/2 It was first identified in China about a month ago, can kill, is communicable through human contact, and the first case in the U.S. was just announced hours ago. The CDC has raised warning levels and travelers from Asia are now being carefully screened for signs of illness.",Wed Jan 22 04:02:25 +0000 2020,madcatgrin,438,0,1,,,,"Long Beach, CA"
1220027301577969665,2,"NOKR confirms that 17 people have died from #coronavirus as more than 500 cases of the killer strain were confirmed, officials have said.
Latest figures reveal 471 cases in China, with four in Thailand, two in Hong Kong and one each in the US.
 #publichealth #globalhealth #cdc https://t.co/7RqlaresNU",Wed Jan 22 16:55:50 +0000 2020,NOKR,2848,0,0,-120.88248200000001,47.27302215,"Washington, USA, United States","Washington, DC"
1220025862734729216,2,On the verge of a pandemic 1918 coming back look at china and they're virus. animal to human virus will kill us one day. Keep in mind the CDC lost a lot of funding under trump and it could kill us sooner then latter. https://t.co/WFW6rl5eGB,Wed Jan 22 16:50:07 +0000 2020,FranRN,1650,0,1,,,,
1220022903258914817,1,"Close to 300 confirmed cases of 2019-nCov infection, primarily in China, 12 in critical condition, 6 fatalities ...
https://t.co/OuE84MfoXV",Wed Jan 22 16:38:21 +0000 2020,Trvler0,58,0,0,,,,"Massachusetts, USA"
1220023677842087941,1,Killer Chinese virus has been reported in the U.S. https://t.co/GFdHQmZ6c2,Wed Jan 22 16:41:26 +0000 2020,yote63,0,0,0,,,,"Dallas, Texas"
1220021612860174336,1,"The #coronavirus outbreak kills 17, infects more than 400 in China; US has 1 confirmed case, health officials say. https://t.co/dGCB4JC2IT",Wed Jan 22 16:33:14 +0000 2020,abc7newsbayarea,553141,0,0,,,,San Francisco Bay Area
1220019586302709762,1,"Killer Chinese virus comes to the US, CDC says
 https://t.co/Xzn0ZJNUOX",Wed Jan 22 16:25:10 +0000 2020,MDdigitasTV,49,1,1,,,,"Roselle Park, NJ"
1220020045163778048,1,"CDC to announce first US case of coronavirus that has killed 6 in China, CNN reports #Topbuzz https://t.co/hUBDRwgrOY",Wed Jan 22 16:27:00 +0000 2020,KristalBoulware,6,0,0,,,,"Baltimore, MD"
1220018122473664512,1,CDC confirms first US case of coronavirus that has killed 17 in China - https://t.co/JjJb69bHtw,Wed Jan 22 16:19:21 +0000 2020,ExactOptionPick,1052,0,0,,,,"Miami, FL"
1220014104426905600,1,We're going to have to depend on China to tell us how to safeguard ourselves. CDC may be denied sharing the info w the public. Reminder @SenateGOP voted in yesterday's impeachment trial for USA to retain a dictator. https://t.co/s9DbhifTZs,Wed Jan 22 16:03:23 +0000 2020,tahnoa_caleta,1228,1,0,,,,"Marana, AZ"
1220015251879448577,1,"Coronavirus outbreak kills 17 in China; US has 1 confirmed case, health officials say https://t.co/mhFlDuSfCD via @ABC11_WTVD",Wed Jan 22 16:07:57 +0000 2020,gpkny,2168,1,0,,,,"Chapel Hill, NC"
1220028155278135296,3,"@icablenews China Team visited a wild animal market in Guangzhou 2days ago, citizens were not worry about the #coronavirus and said they entirely trust the govt
ü§îü§îü§î

Anyway, wish them and the world good luck
#WuhanCoronavirus #pneumonia https://t.co/3ZFlMaGd4g",Wed Jan 22 16:59:13 +0000 2020,Fel_VIIIIXVIIV,500,1,2,,,,È¶ôÊ∏Ø
1220028163842985984,1,"I don't mind you trust your government, I don't mind you don't wear mask,but please don't come to Hong Kong ! We don't want that virus!

#WuhanPneumonia 
#WuhanCoronavirus 
#BoycottChina 
#China_is_terrorist https://t.co/3HrPmtBL19",Wed Jan 22 16:59:15 +0000 2020,Jack27688344,5551,3,4,,,,
1220025835152760832,1,"Dear World, please NEVER trust China or Hong Kong Government, they said #WuhanCoronavirus is different from SARS, they said it is under control, they said the virus has limited human2human transmission...",Wed Jan 22 16:50:00 +0000 2020,popo777444,310,1,0,,,,Hong Kong
1220025971455094784,1,"@wef Hong Kong is responding to the threat of the #WuhanCoronavirus by keeping our doors wide open for mainland Chinese tourists, even those from Wuhan. Lunar New Year holidays are coming and we‚Äôre doomed. üòû

For your own safety, please stay away from Hong Kong and China.",Wed Jan 22 16:50:33 +0000 2020,sajujuandjuju,555,3,15,,,,
1220020071671615488,1,"#China always sends gifts to #HongKong. First #SARS, now #WuhanCoronavirus. üôÑEveryone please wear a mask. Cover your mouth when you sneeze or cough. Wash. Your. Hands. #Ê¥óÊâãÊ¥óÊâãÊ¥óÊâã #ÂÖ®Ê∞ëÂè£ÁΩ© #Ê≠¶Êº¢ËÇ∫ÁÇé #Ê≤ôÂ£´ #È¶ôÊ∏Ø",Wed Jan 22 16:27:06 +0000 2020,aprilwg,622,0,0,,,,Hong Kong
1220017754570293248,1,"Chinese authorities have urged people to stop travelling in and out of Wuhan, the city at the centre of a new virus outbreak that has killed 17 people #WuhanCoronavirus #china #coronavirus https://t.co/SW5EljYmgX",Wed Jan 22 16:17:54 +0000 2020,incredindia370,63,0,0,,,,
1220018637496516610,1,Maybe one of the reasons why the virus has spread so fast in China. People trust propaganda more than medicine.  #WuhanCoronavirus https://t.co/NAEvEIMWLs,Wed Jan 22 16:21:24 +0000 2020,FreeChinaPost,391,7,23,,,,Taiwan
1220018855080157185,1,On the menu at China virus market: Rats and live wolf pups. https://t.co/Q6pSNG1gBv #WuhanCoronavirus,Wed Jan 22 16:22:16 +0000 2020,canarytrap,2715,0,0,,,,
1220013651198803969,2,"@MRC_Outbreak @Imperial_JIDEA @The_MRC @BBCWorld @FT @imperialcollege @dr_anne_cori @IlariaDorigatti @SRileyIDD @neil_ferguson @WHO #WuhanCoronavirus started in Nov, but CCP is again covering up the outbreak, and letting the carriers travel all around the world
And now, we have Plague Inc in realityüôÑ https://t.co/6ywfZGaWoV",Wed Jan 22 16:01:35 +0000 2020,shiroihamusan,14154,20,51,,,,
1220014217882816512,1,"Now the #HKProtesters think that China manufactured the #WuhanCoronavirus, tested it on its own ppl, and weaponized it to silence the protests and divert media attention. But why would China create a virus that doesn't infect ppl with masks, which protesters are already wearing? https://t.co/DcIy8X1WQd",Wed Jan 22 16:03:50 +0000 2020,henrymaraza,36,2,8,,,,
1220015891414319109,1,i wont stop them for eating this cause if they die its Darwin‚Äôs natural selection... #ChinaPneumonia #SARS2 #SARS2020 #WuhanCoronavirus https://t.co/X0krG9958l https://t.co/jMbCHRmCxq,Wed Jan 22 16:10:29 +0000 2020,yuzhouyu123,166,11,7,,,,
1220015037328261121,1,"200122 Chengxiao weibo update on the current virus  outbreak in China 

""Everyone must strengthen awareness of personal hygiene, minimize going out, wear good masks, and to the medical staff who are fighting on the front lines of the epidemic. You must also take care of yourself"" https://t.co/N3w7qQEDNT",Wed Jan 22 16:07:06 +0000 2020,sailorchengxiao,1505,32,57,,,,She/They | Sailor 
1220023031612895233,1,Let's ban mainland Chinese from entering this country until this virus epidemic is contained. Not being racist. Just taking  caution during these very dangerous times. This is very serious.,Wed Jan 22 16:38:52 +0000 2020,Jimparedes,1721966,329,1479,,,,Wherever I am present.
1220020177347260417,1,"Over the last few days, a lot of stories like these have appeared on Chinese social media. The country is on edge, &amp; many fear their loved ones were taken by 2019-nCoV too. The truth of those deaths may never be known, &amp; the stats will never capture all. https://t.co/y9cHAbFIy7 https://t.co/VA4HJ5x4T2",Wed Jan 22 16:27:31 +0000 2020,_DanielSinclair,7571,0,1,,,,
1220014499685519360,1,"The continuing 2019-nCoV epidemic threat of novel coronaviruses to global health - The latest 2019 novel coronavirus outbreak in Wuhan, China. - PubMed - NCBI https://t.co/x8YjOynVSO.",Wed Jan 22 16:04:58 +0000 2020,MSUPedsPulm,345,0,1,,,,"East Lansing, MI"
1219888456265957378,1,CDC confirms first US case of coronavirus that has killed 9 in China - https://t.co/D97t7wlCVo,Wed Jan 22 07:44:07 +0000 2020,ExactOptionPick,1052,0,0,,,,"Miami, FL"
1219892040072220673,1,"China's contagious killer virus comes to the US: American man in his 30s is hospitalized in Washington state with SARS-like coronavirus after visiting Wuhan, CDC says https://t.co/lFds37YwjL",Wed Jan 22 07:58:21 +0000 2020,D_enforcer,408,0,0,,,,"Africa,Nigeria"
1219878433968336896,1,"China's contagious killer virus comes to the US: American man in his 30s is hospitalized in Washington state with SARS-like coronavirus after visiting Wuhan, CDC says 
https://t.co/VNjt2Hb8nx",Wed Jan 22 07:04:17 +0000 2020,Shalys_Petty,7992,0,0,,,,"Hollywood, Ca /Jax Bch, Fl"
1219881167132012544,1,"I think we can easily solve the Chinese coronavirus (the cold and also SARS which is a fancy word for the cold) is a simple solution used by poor whites for almost 100 years. Sprite or Ginger Ale, chicken noodle soup, and a menthol salve...Your welcome #CDC #coronavirus",Wed Jan 22 07:15:09 +0000 2020,MrMattyChappy,954,0,1,-77.339404,42.95988750000001,"Farmington, NY, United States","Rochester, NY"
1219965593639514112,1,"The coronavirus has killed nine people and infected 440 people in China. The CDC says a man in Washington state has contracted the illness.
https://t.co/rMxNkNEMLo",Wed Jan 22 12:50:38 +0000 2020,1470WMBD,4160,0,0,,,,"Peoria, Illinois"
1219967890495066118,1,CDC confirms first US case of coronavirus that has killed 9 in China https://t.co/mY3P3PKbQY,Wed Jan 22 12:59:45 +0000 2020,mary_swilling,13579,0,1,,,,SC
1219964558938267648,1,"CDC website says btwn 10,000-61,000 die annually in US from the flu (pop 374 million). China has had 9 people die with a population of 1.3 billion. Perspective.",Wed Jan 22 12:46:31 +0000 2020,pennyindenver,451,0,0,,,,
1219964691331588102,1,"@CDCgov putting screeners at @ATLairport hoping to stop spread of #coronavirus. The virus 1st found in Central China has sickened hundreds &amp; killed 9. @GoodDayAtlanta @FOX5Atlanta
https://t.co/GSRzfEL6LN https://t.co/oMYpml6r2m",Wed Jan 22 12:47:02 +0000 2020,mteichnerfox5,4068,6,1,,,,#ski
1219960629689122817,1,CDC confirms first US case of coronavirus that has killed 9 in China - https://t.co/oQNUpquiYM,Wed Jan 22 12:30:54 +0000 2020,ExactOptionPick,1052,0,0,,,,"Miami, FL"
1219955816192794631,1,"The United States has its first confirmed case of a new virus that appeared in Wuhan, China, last month, the US Centers for Disease Control and Prevention announced Tuesday. The coronavirus has already sickened hundreds and killed six people in Asia. https://t.co/YeZTPK3dTH",Wed Jan 22 12:11:46 +0000 2020,rahim_imam,614,0,0,,,,USA
1219956929440763906,2,"The Chinese trade war, weaponized. But this is a serious threat, joking aside. https://t.co/as9ecdxfNi",Wed Jan 22 12:16:12 +0000 2020,RanYimsut,57,0,0,,,,"MKE, USA"
1219952915835686912,1,1st Coronavirus US case confirmed by CDC; virus has killed 6 in China https://t.co/A8JexshveF,Wed Jan 22 12:00:15 +0000 2020,ABC7,1137224,12,19,,,,
1219953171767930881,1,"China's contagious killer virus comes to the US: American man in his 30s is hospitalized in Washington state with SARS-like coronavirus after visiting Wuhan, CDC says 

https://t.co/ZvKEB9aJpG",Wed Jan 22 12:01:16 +0000 2020,medical_cons,450,0,0,,,,
1219966607872679937,2,"It's sad when a government has to threaten their officials not to try to cover up a public health crisis.  ÊîøÂ∫úÂÆòÂëòÁöÑÁ¥†Ë¥®Â§™‰Ωé!
#WuhanCoronavirus
#Ê≠¶Ê±âÁóÖÊØí #CCP #ÂÖ±ÂÖö https://t.co/S8muV1ZK6A",Wed Jan 22 12:54:39 +0000 2020,CASpears1,91,0,2,,,,"East Coast, USA"
1219966844473208833,1,"@alphacentauriii *ate 
And this is the list of wildlife for sale in #wuhan. They still eat civets after SARS. They dun learn or CCP never let the people to know the truth. This time CCP covered up the cases for two months and now #WuhanCoronavirus spread worldwide. CCP finally can‚Äôt cover anymore",Wed Jan 22 12:55:36 +0000 2020,dun76226129,17,1,3,,,,
1219967196560084993,1,"A dangerous new virus that has sickened hundreds and killed six victims in China has now spread to Washington state. A Snohomish Co. man being treated for #WuhanCoronavirus at Providence Regional Medical Center in Everett
https://t.co/1lhNjxDLrO
#KOMONews  
#NovelCoronavirus https://t.co/e7AHgeCQOo",Wed Jan 22 12:57:00 +0000 2020,YamsTV,6429,0,0,,,,"Seattle, WA"
1219961851225636864,1,"This is transparency made in #China: be afraid, world, be very afraid!
#WuhanPneumonia #WuhanCoronavirus https://t.co/ejpQy4JRdp",Wed Jan 22 12:35:45 +0000 2020,CedricJouarie,676,2,3,,,,Taipei City
1219953748769796097,1,"Thank You @concon929 #ABC_challenge invitation. Do a little thing that makes a big differences in our future. #FreeHongkong and say No to #tyranny #WuhanCoronavirus. Buy #AnythingbutChina 

@thetimeusedtobe 
@noobmaster1025
@IndoPac_Info https://t.co/NSqGbcwSS1 https://t.co/cXpYfFJ3Vu",Wed Jan 22 12:03:34 +0000 2020,MudShui,2448,2,11,,,,Hong Kong
1219954668983341057,1,"My Conspiracy theory:
@SolomonYue 
Do u think #WuhanCoronavirus. save #CCP temporarily?

1. Criticism abt the lost in trade war are replaced by Wuhan virus. 

2.  HK ppl focus on preventing virus.

3. The üåê cooperate with China in    vaccine. Siege of China not anymore.",Wed Jan 22 12:07:13 +0000 2020,LeungYuKi5,70,0,1,,,,
1219963010313342977,1,"summary of press con that described first ""highly suspected""  nCoV case in Hong Kong (preliminary positive)

- 39 y, male, tourist from Wuhan
- no history of visiting wet market/clinics/hospital/ contact with sick people
- arrived in HK on 21/1/2020 (via China high-speed rail)",Wed Jan 22 12:40:22 +0000 2020,KirstyKwok,54,4,9,,,,"Rotterdam, The Netherlands"
1219957175336030208,1,"#coronavirus

The table below shows confirmed cases of coronavirus (2019-nCoV) in China and other countries. To see a distribution map and a timeline, scroll down. There are currently 474 confirmed cases worldwide, including 9 fatalities. https://t.co/OjmnE31wWO",Wed Jan 22 12:17:10 +0000 2020,verville_louise,1372,0,1,,,,üá≤üá∂üá®üá¶
1219958178047070208,1,@robertson_lab @MackayIM @FluTrackers @HelenBranswell @Laurie_Garrett This analysis has detected three bat coronavirus recombinants (two with shared breakpoints) involving the nCoV lineage indicating greater diversity in the Chinese Sarbecovirus group than previously appreciated. 5/n,Wed Jan 22 12:21:10 +0000 2020,john_jxw,1211,7,10,,,,England
1219959933287960576,1,"News: In China, a new strain of coronavirus infects more than four hundred people, killing at least nine https://t.co/zOfVwHKA3y",Wed Jan 22 12:28:08 +0000 2020,enwikipedia,738,0,0,,,,
1219871913889214464,1,"Killer Chinese virus comes to the US, CDC says https://t.co/PpVn3YoSzL via @MailOnline",Wed Jan 22 06:38:23 +0000 2020,cher1511,2100,0,0,,,,South Africa
1220073521549905923,1,Killer Chinese virus has been reported in the U.S. https://t.co/gyq8z8AHpt,Wed Jan 22 19:59:30 +0000 2020,fredagoro,441,0,0,,,,Western Kenya
1220073596422221824,2,"The plague ? "" #Wuhan is QUARANTINED: Ground zero for deadly #coronavirus halts all travel in AND out of the city after the CDC begins screening at five US airports as the disease MUTATES after killing 17 and infecting up to 10,000¬†"" #ChinaVirus üá®üá≥
https://t.co/kHCx0zmne1",Wed Jan 22 19:59:47 +0000 2020,PRAISETRIUNEGOD,14629,1,3,,,,#worldwide 
1220070060187734016,4,@OANN good for the @CDC. #Coronavirus over a week old. Communist China biological warfare @realDonaldTrump. Still no travel ban on east Asia or quarantine. Pneumonia kills. Still no protocol 1 enforced in America. Report the WHOLE record.,Wed Jan 22 19:45:44 +0000 2020,ttrenchj,21,0,0,,,,here
1220069054985142275,4,"@EpochTimes @CDC well those plans have not been clearly communicated across news and social media @realDonaldTrump. Pneumonia kills. Let's close the barn doors after the horses left. Communist China biological warfare, again (#SARS). 3-7 day incubation. Davos infected?",Wed Jan 22 19:41:45 +0000 2020,ttrenchj,21,0,0,,,,here
1220066935150387202,2,"Wuhan Virus.
Corona Virus.
Sars Virus.
Ebola Virus.
All have US CDC Patents.
#Agenda2030
Is trending.
Spanish flu killed 500 million.
The black plague killed 300 million.
But Love island, EastEnders etc.
China is in shut down on their new year.",Wed Jan 22 19:33:19 +0000 2020,Lurganrebel,4018,1,0,,,,Isolation
1220067223240396802,1,"In the case of the Swine Flu ‚Äúepidemic‚Äù (2009), the CDC was reporting thousands of cases in America‚Äîbut CBS star reporter Sharyl Attkisson found out that the CDC had, mysteriously, stopped counting cases.
Is the new ‚Äòdeadly China virus‚Äô a covert operation?
https://t.co/2UanaB3OGh",Wed Jan 22 19:34:28 +0000 2020,pragmatiker13,1149,2,1,,,,
1220062726581448705,1,"Coronavirus outbreak kills 17 in China; US has 1 confirmed case, health officials say https://t.co/9evxg6NrC9 via @abc7",Wed Jan 22 19:16:36 +0000 2020,tescape99,160,0,0,,,,"Los Angeles, CA"
1220072867569831936,1,Glad I added the Umbrella Corporation to my 401k last year #WuhanCoronavirus                       New China virus: Drug makers soar on contagion fears https://t.co/r8Gq3TyI9L,Wed Jan 22 19:56:54 +0000 2020,team49,80,0,0,,,,"Jacksonville, Florida"
1220073410375639041,1,"I'd just like to point out that in World War Z, the outbreak started in China. 

I'm not saying you should panic. 

I'm just saying, I don't like this. This is not good. This does not bring me joy.

#WuhanCoronavirus",Wed Jan 22 19:59:03 +0000 2020,NataliaAntonova,33839,22,133,,,,"Washington, DC"
1220069787453329408,1,Not too be a scaremonger but this has #pandemic written all over it. #China‚Äôs response is worrisome in that I don‚Äôt trust them to be honest about the specifics. #WuhanCoronavirus https://t.co/YGcAJGJtWt,Wed Jan 22 19:44:39 +0000 2020,JasonDJolley,1036,1,1,,,,"Ohio, USA"
1220070779586412544,1,"China is shutting down citywide public transportation in #Wuhan to slow spread of the #WuhanCoronavirus. If they need a snappy saying for public awareness, may I suggest: ""Wuhan Flu ain't nuthin' ta fuck with."" #WuTang üëê",Wed Jan 22 19:48:36 +0000 2020,WhatMattAirs,161,0,0,,,,
1220070826386477056,2,"@ezracheungtoto @CCTV To prevent economic impact, the severity of the #WuhanPneumonia was deliberately diluted. #Wuhan residents have not even worn masks. Without freedom of information and the press, even liberty and security of person will be lost.

#WuhanCoronavirus #ChinaVirus #coronavirus",Wed Jan 22 19:48:47 +0000 2020,KayleeMok,170,0,1,,,,
1220059919954608129,1,"Chinese citizens: No worry, we trust the government, no need to wear mask, we trust the government!!
#coronavirus #WuhanCoronavirus https://t.co/k7P9gbd0vQ",Wed Jan 22 19:05:27 +0000 2020,AndrewGeorgeCh1,23,2,3,,,,
1220069670893576193,1,"After China, cases of the new fatal #Coronavirus have been reported in #SouthEastAsia &amp; #US. @KlausJurgens says people in Europe too are worried about the new epidemic &amp; some European countries are getting prepared to fight the deadly virus.
@MeshalMalikk

https://t.co/iq4u6bBDKH",Wed Jan 22 19:44:11 +0000 2020,PluralismGlobal,512,1,0,,,,Global
1220066445016489984,2,"Has anyone been paying attention to the epidemic in wuhan China? The coronavirus has caused them to shut down wuhan (size of Chicago). It‚Äôs likely this will become a pandemic and millions of people may die... 

The Office just jinxed the world. https://t.co/GsruOuE34d",Wed Jan 22 19:31:22 +0000 2020,woodstatic,15,0,0,,,,
1220066871313039360,1,"After China, cases of the new fatal #Coronavirus have been reported in #SouthEastAsia &amp; #US. @KlausJurgens says people in Europe too are worried about the new epidemic &amp; some European countries are getting prepared to fight the deadly virus.
@MeshalMalikk

https://t.co/06wvzE4dA4 https://t.co/niQfDrGxca",Wed Jan 22 19:33:04 +0000 2020,indusdotnews,16573,2,1,,,,
1220065687911030784,1,@Aryanwarlord Agree. If they are willing to do this just before the Chinese new year means they are fearing a bigger epidemic spreading.,Wed Jan 22 19:28:22 +0000 2020,lakshmishaks,865,0,1,,,,India
1220072741677805571,2,"The new SARS-related virus 2019-nCoV isn't nearly as transmissible as Spanish Flu, whose victims died mostly from 2ndary bacterial infections.
China's coronavirus could have same death rate as Spanish flu pandemic that killed 50m people https://t.co/zJ6sUxLnPl via @YahooLifestyle",Wed Jan 22 19:56:24 +0000 2020,dreamalerts,47,0,0,,,,"PhD virologist, medical writer, dream detective, oneiromancer"
1220068260206579713,1,"""Wuhan, a Chinese city of 9 million people, is to shut public transport amid ""2019-nCoV"" virus outbreak. Those living in the city have been told not to leave: airport &amp; train/bus stations closed to outgoing passengers. The outbreak has killed 17 people.""
https://t.co/wZd5jrHnfQ",Wed Jan 22 19:38:35 +0000 2020,alephh,267,0,0,,,,
1220060968299966464,2,"Whoa. Wuhan, a city of 10+ million, is effectively under quarantine due to coronavirus 2019-nCoV (announced below by Chinese governing party paper.) Swift, even drastic action is good for containing epidemics but has to be paired with transparency and trust in government. https://t.co/xN0wOee0eT",Wed Jan 22 19:09:37 +0000 2020,zeynep,349032,70,114,,,,floating in a most peculiar way
1220061011304017921,1,"As of now, at least 17 fatalities have been reported in China as around cases (around 500 infected at the time of reporting) have spread to at least eight further cities in the country including Hong Kong and Macao. Furthermore, 2019-nCoV cases have been‚Ä¶https://t.co/Imma2qkcLC",Wed Jan 22 19:09:47 +0000 2020,mikeirizar,143,1,0,,,,"Buenos Aires, Argentina"
1220133039390543872,2,"Bio weapons lab in #Wuhan ? /// Biosafety Level 4 Laboratory User Training Program, China - Volume 25, Number 5‚ÄîMay 2019 - Emerging Infectious Diseases journal - CDC https://t.co/o1j4qqz83s",Wed Jan 22 23:56:00 +0000 2020,FlyrUsr,2797,2,5,,,,United States
1220129093653393408,2,"Up to 17,000 people in the US have already died from the flu since November. But no of course you‚Äôre not fear mongering with another excuse to attack the Chinese government with baseless sources https://t.co/Og4rfB8mA3 https://t.co/8oVJAVpSAF",Wed Jan 22 23:40:19 +0000 2020,Karl_Was_Right,11953,40,153,,,,
1220129235655852037,1,"This is how I mentally prepare to work a 16 hour flight home...with the threat of Coronavirus looming all around me here in Shanghai, China. We have been notified already that we will be greeted by CDC officials on‚Ä¶ https://t.co/KtnHxGkmu3",Wed Jan 22 23:40:53 +0000 2020,jetset_ginger,260,0,1,121.415811,31.27991500000001,"Shanghai, People's Republic of China, People's Republic of China","Atlanta, GA"
1220130862408372229,1,"@L0gg0l The coronavirus seems pretty bad from this hospital video but China supposedly has it ‚Äúcontained‚Äù and the world health organization, the US CDC and Trump think the threat is minimal. Umm, ok....",Wed Jan 22 23:47:21 +0000 2020,StockSurfer10,230,0,0,-83.804475,27.698682,"Florida, USA, United States","Jupiter, FL"
1220121606313275392,1,"BREAKING: Wuhan, China halts all travel in and out of the city after Corona Disease kills 17, and has infected over 600+ people worldwide.

Scientists at the CDC are saying that over 10,000+ people could have been exposed to the deadly virus.

#CoronaVirus #Corona #VirusChina https://t.co/CSgJAoLNJF",Wed Jan 22 23:10:34 +0000 2020,CryptoWhale,24762,58,86,,,,The Beautiful Ocean! üåä
1220122812775587845,1,"Killer Chinese virus comes to the US, CDC says https://t.co/ZjCc7oNkCY via @MailOnline",Wed Jan 22 23:15:22 +0000 2020,markoneill04,2365,0,0,,,,UK
1220119209184808961,1,"@realDonaldTrump STOP ALL FLIGHTS FROM CHINA INTO THE US, THE CDC ISN'T WORKING FOR AMERICA, THEY ARE WORKING FOR THE DEMOCRAT SOCIALISTS. STOP THE FLIGHTS BEFORE THIS EPIDEMIC KILLS MORE AMERICANS",Wed Jan 22 23:01:02 +0000 2020,ayethespy,5017,0,0,,,,United States
1220119928755195904,2,"WATCH: CONTAGION! Coronavirus is SPREADING! - Is This The NEW Plague? Or Another Overreaction?
https://t.co/2YU2hqvDhV

#coronavirus #contagion #news #disease #cdc #health #freedom #uspoli #politics #china #WAM",Wed Jan 22 23:03:54 +0000 2020,WorldAltMedia,3217,0,0,,,,
1220129463435956226,1,"üòäüòäüòä #WuhanCoronavirus Fuck your mother China, üòÅüòÅüòÉüòÜ https://t.co/MoqBdyQv66",Wed Jan 22 23:41:47 +0000 2020,ecolak54,89,0,0,,,,"Sakarya, T√ºrkiye"
1220130944247455744,2,#Chinese people eating rats and all! my gossh #WuhanCoronaVirus #BanChineseNational #CoronaVirus #WuhanAirportShutdown  https://t.co/6FEgK2gJZ5,Wed Jan 22 23:47:40 +0000 2020,iamAJGutierrez,3859,0,1,,,,"Makati City, National Capital Region"
1220127286659338241,1,"@TelGlobalHealth @sarahknapton @Imperial_IDE @PHE_uk Can #NHS manage the outbreak in #UK?

I was in #HongKong in 2003 when SARS killed many ppl EVERYDAY thx to ONE SUPER-VIRUS CHINESE MAN from #China. 

Now we're waiting for that FIRST SUPER VIRUS Person to spread #WuhanCoronavirus in #GreatBritain?!

https://t.co/TnSfBH3Hl6",Wed Jan 22 23:33:08 +0000 2020,poppyoflondon,1195,0,0,,,,London
1220127970192433157,1,"Can #NHS manage the outbreak in #UK?

I was in #HongKong in 2003 when SARS killed many ppl EVERYDAY thx to ONE SUPER-VIRUS CHINESE MAN from #China.

Now we're waiting for that FIRST SUPER VIRUS Person to spread #WuhanCoronavirus in #GreatBritain?!

#WuhanOutbreak https://t.co/Kqs8hhmTTN",Wed Jan 22 23:35:51 +0000 2020,poppyoflondon,1195,1,2,,,,London
1220124266710159361,1,"Thank god I don't shop online from living hell #Communist China. 

P.S. Shouldn't @eBay @amazon @eBay_UK @AmazonUK stop any #Chinese seller shipping goods out from #China?! 

New virus, u never know 
#WuhanCoronavirus 
#WuhanOutbreak https://t.co/3b0P9h1c5W",Wed Jan 22 23:21:08 +0000 2020,poppyoflondon,1195,0,0,,,,London
1220118971246153728,1,Has @RepAdamSchiff &amp; Co tied the #WuhanCoronavirus outbreak to @realDonaldTrump and his #ChinaTradeDeal or #racism? #PutThatInYourPipe #WuhanImpeachment,Wed Jan 22 23:00:06 +0000 2020,keystonepig,233,0,0,,,,
1220120346415783937,1,"UK Foreign Office has advised Britons against all but essential travel to the Chinese city of Wuhan after a new virus killed 17 and infected hundreds.
#WuhanCoronavirus
https://t.co/T7oH281WW5",Wed Jan 22 23:05:33 +0000 2020,LamlamMmin,525,14,19,,,,"London, England"
1220125651883241472,1,"CX Daily: Virus-hit Wuhan under quarantine amid epidemic fears - https://t.co/KNluKjRagN
Plus, China offers assurance that U.S. trade deal won‚Äôt hurt Europe. Internet firms plan to pour buckets of money to gain market share.

Subscribe: https://t.co/lEIonMTfyF https://t.co/YZZ171w37f",Wed Jan 22 23:26:38 +0000 2020,caixin,88531,1,1,,,,Beijing
1220123543410593792,1,I don‚Äôt think the current state of the epidemic itself is what motivated this decision. Fear of Chinese New Years travel hyper-juicing disease vectors is what they‚Äôre trying to control for. https://t.co/SndAUPRmFM,Wed Jan 22 23:18:16 +0000 2020,gonglei89,1795,1,3,,,,San Jose
1220123704140713992,2,"@ClimateRealists @MailOnline Ten thousand??? So, the Communist Regime of China was lying about this epidemic? Yesterday was about five hundred! Communists doing what they do best: Lying #coronavirus",Wed Jan 22 23:18:54 +0000 2020,mvaglio,554,1,0,,,,S√£o Paulo
1220121194717839360,1,"The Administrative State charged with protecting the common good is crippled under Trump. Pay more attention to this epidemic in China. Trump's delusional cult be damned, we DO live in a global community. https://t.co/q0vxHdoVZz

@maddow
 #MSNBC MSNBC #TrumpImpeachmentTrial",Wed Jan 22 23:08:56 +0000 2020,Robrt_M_Goldste,9882,0,3,,,,San Francisco
1220119198397083650,1,"Also, any third country that comes clean, and is open about an epidemic threat, can expect a discriminatory response from China. This does not lead to candor by the international community. https://t.co/XQteE41oJA",Wed Jan 22 23:01:00 +0000 2020,jorge_guajardo,40971,4,7,,,,"Washington, DC"
1220129103971540994,2,"I have a suggested colloquial name for our maybe bat maybe snake nCoV from Wuhan China:

Dragon-CoV https://t.co/rEkmlZSPM6",Wed Jan 22 23:40:21 +0000 2020,golob,687,1,5,,,,"iPhone: 47.624580,-122.324364"
1220125431745187840,1,"#Coronavirus (2019-nCoV) is related to MERS-CoV and SARS-CoV

* Outbreak in China linked to a seafood/animal market
* No spread to healthcare personnel has been reported so far
* Limited person2person spread can't be ruled out
3/",Wed Jan 22 23:25:46 +0000 2020,k_liebowitz,1828,0,1,,,,
1220055463389204480,1,"@kid_prairie @PeregreAbeo @WHO @DrTedros @WHOWPRO @WHOSEARO @WHO_Europe @WHOEMRO @WHOAFRO @pahowho From living there I would like to bet that despite claims of transparency, the CCP aren‚Äôt giving the full picture to the CDC or Chinese people. They control everything their people hear and feed them what they want them to know and no more",Wed Jan 22 18:47:44 +0000 2020,Jules60354684,589,0,0,,,,United Kingdom
1220054003695996933,1,"CDC confirms first US case of coronavirus that has killed 17 in China

https://t.co/PYQ8eASep4",Wed Jan 22 18:41:56 +0000 2020,Mareq16,16065,0,1,,,,
1220050038828740608,1,"Inaccurate reporting the large and growing number of deaths China takes risks with worlds health.  And the size of response needed by cdc and who.  Media is not covering. Trump maybe protecting China.   
BBC News - Coronavirus: China warns against travel to Wuhan as deaths surge",Wed Jan 22 18:26:11 +0000 2020,JamesLindholm1,15827,15,33,,,,"Columbus, Ohio "
1220043791723368450,1,The CDC announced that a man from Washington state who recently returned from China has the first confirmed US case of an emerging coronavirus that has killed at least nine people and infected hundreds in China. https://t.co/JiunDZQnH8,Wed Jan 22 18:01:21 +0000 2020,theAMGA,3392,0,0,,,,"Alexandria, VA"
1220058351368835073,1,Researchers Trace #WuhanCoronavirus Outbreak in China to Snakes https://t.co/4gtvV4BrV5,Wed Jan 22 18:59:13 +0000 2020,knwachter,1298,0,0,,,,Metro DC
1220056981450448896,1,"meanwhile Canada @GovCanHealth reassures Canadians  that the risk posed by  #coronavirus is very low (as China closes a city of 11 million)
#WuhanCoronavirus #Wuhan #coronavirus https://t.co/xkoFHeejA1",Wed Jan 22 18:53:46 +0000 2020,inklessPW,3101,1,3,,,,
1220046170023612416,1,"@sharenewsjapan1 #CCP is a liar
So please, protect yourself. Epecially the Lunar New Year is coming, Chinese will travel everywhere include Japan
Sorry I don‚Äôt know Japanese but really want to give such advice to you as I really love Japan and don‚Äôt want you get harm from #WuhanCoronavirus",Wed Jan 22 18:10:48 +0000 2020,popo777444,310,0,0,,,,Hong Kong
1220046680676020226,3,"@Natsu90838089 @JWARenders The CCP incubated the  #WuhanCoronavirus from the Zhoushan Bat (Wild Animals as you mentioned), and collect it for an evil purpose.",Wed Jan 22 18:12:50 +0000 2020,PopulistSociety,2059,0,1,,,,United States
1220047232508010498,2,"At this very dangerous time, who can protect the Chinese people,especially the Wuhan people?  Who can keep the Chinese people, especially Wuhan people, from dying in fear?  Who can guarantee the best treatment for all patients?May God bless the Chinese people!#WuhanCoronavirus",Wed Jan 22 18:15:02 +0000 2020,realfreeman1776,148,0,0,,,,"Laramie, WY"
1220057361471229952,1,"It‚Äôs not the first time #China and it‚Äôs meat markets started an #Epidemic, there a great episode on @NetflixUK‚Äôs #Explained series.  It explains how a mix of 2 viruses combined, another that we didn‚Äôt have antibiotics for...",Wed Jan 22 18:55:17 +0000 2020,CoolHandLuke_82,94,0,0,,,,
1220053359316676608,2,"‚ÄúThe virus may mutate, and there is a risk of further spread of the virus.‚Äù

#China said 440 people have now contracted a new #Coronavirus that first appeared in #Wuhan and has killed 9, amid fears the respiratory disease could become a global epidemic. https://t.co/dtyljP4Nrj",Wed Jan 22 18:39:23 +0000 2020,EpochTimesChina,37197,25,24,,,,"New York, NY"
1220043947835191296,2,"@SumiSukanya As #Coronavirus has spread from China to other parts of the world, the new strain of virus has now threatened to become a global epidemic. With uncertainty surrounding it increases day by day, there is fear of a possible outbreak in India too. 
https://t.co/ybgtPVRkzM",Wed Jan 22 18:01:59 +0000 2020,NewIndianXpress,444295,2,1,,,,Chennai
1220044605430882304,1,"What began in mid-December as a mysterious cluster of respiratory illnesses in China has since killed nine people, sickened hundreds more, and spread to five other countries, including the US. 

The question now is: Just how bad could this thing get? https://t.co/WVd9HjGjOb",Wed Jan 22 18:04:35 +0000 2020,WIRED,10382063,24,28,,,,San Francisco/New York
1220051419509616641,1,"#China's coronavirus has 'the same death rate as the #Spanish flu pandemic that killed 50m people in 1918'

‚ÄúThis 2019-nCoV‚Äôs death rate is around 2%, similar to Spanish flu,‚Äù Professor Neil Ferguson, from Imperial College London, said.
https://t.co/Iqa5fU2kTl",Wed Jan 22 18:31:40 +0000 2020,IndoPac_Info,44701,57,78,,,,South East Asia
1220051426342141952,1,"Chinese officials have confirmed 440 cases of the new coronavirus strain - 2019-nCoV - so far, with 17 deaths.

Based on existing data, it is said to have a 2% death rate.

This means that for every 50 people who catch the infection, one will statistically die.",Wed Jan 22 18:31:42 +0000 2020,IndoPac_Info,44701,5,8,,,,South East Asia
1220117056273690624,1,Killer Chinese virus has been reported in the U.S. https://t.co/vfiLpmUiHa,Wed Jan 22 22:52:29 +0000 2020,theresa99818579,106,0,0,,,,prarie grove ar 
1220117523963817991,1,CDC announces first US case of coronavirus that killed 17 in China https://t.co/XwN7JhmpOz,Wed Jan 22 22:54:21 +0000 2020,TAACNY,139,0,1,,,,New York City
1220112081728311296,1,"@SenRickScott @CDCgov Never mind the CDC, shut off flights from China and send home Chinese who arrive here by any means, including the many thousands of students from communist China.  That would slow down their espionage and theft of intellectual property, too.",Wed Jan 22 22:32:43 +0000 2020,FreshPiffle,915,0,1,,,,Florida
1220113967311392770,1,"Killer Chinese virus comes to the US, CDC says https://t.co/c5q9XHMQzV via @MailOnline",Wed Jan 22 22:40:13 +0000 2020,gocowboysfan00,408,0,0,,,,United States
1220105869402279936,1,"China's contagious ""killer virus"" comes to the US: American man in his 30s is hospitalized in Washington state with SARS-like coronavirus after visiting Wuhan, CDC says

https://t.co/cfeEXUBTNf

Now explain why there a 2015 PATENT on this 
#coronavirus?

https://t.co/067pNFV5Yj https://t.co/e2qf6ShqRQ",Wed Jan 22 22:08:02 +0000 2020,JohnBWellsCTM,44056,56,53,,,,"Dallas, TX"
1220106259665473538,1,The @CDCgov has confirmed the first US case of a new corona virus that has killed 6 people in China. Please exercise enhanced precautions while traveling and visit https://t.co/PdGpcmooV4 for further updates. https://t.co/mG8mholVOt,Wed Jan 22 22:09:35 +0000 2020,177thFWCC,88,1,0,,,,
1220103954962493440,1,Zombie apocalypse coming. I‚Äôm ready.  RT @ABC7: #BREAKING CORONAVIRUS UPDATE: Chinese city of Wuhan shuts down all outbound flights and trains after virus kills 17. No one will be allowed to leave the city after 10 a.m. local time. https://t.co/NURsoytnrM,Wed Jan 22 22:00:25 +0000 2020,Majin_Jerome,447,0,0,,,,Jersey City 201 all day 
1220114043509166082,3,"@TheRealKeean It always too late for CCP on a serious medical case in China.  Including the people in China like to eating wild animal just same case as #SARS

Okay, we #HongKongers done it, we gave almost 300 lives to deal with that at 2003, how about 2020 now?  Damn it!

#WuhanCoronavirus",Wed Jan 22 22:40:31 +0000 2020,jerrychf,29,0,1,,,,Hong Kong
1220114435483762691,1,"On #WuhanCoronavirus, as soon as the govt loosened info censorship, Chinese media such as Caixin &amp; Beijing NewsÊñ∞‰∫¨Êä• have had the best coverage, way more in-depth and ahead of any int outlets. Imagine how vibrant the Chinese media scene would be if only there's no censorship.",Wed Jan 22 22:42:04 +0000 2020,ZhaoyinFeng,11429,558,1564,,,,"Washington, DC"
1220115644747845633,1,@MrPeanut #breaking Admit it! Mr Peanut visited #Wuhan China and contracted the #WuhanCoronavirus ! Stop the cover up planters!,Wed Jan 22 22:46:53 +0000 2020,shaneandmisty,152,0,0,,,,"Delaware, USA"
1220116844650094593,2,"Many #Communist #Chinese ppl from #Wuhan have already escaped...

When they have fever, they dont (trust) go to hospital as the fake-news-#CCP gov advises, they flee Wuhan and go as far as possible. 

#WuhanCoronavirus continue. https://t.co/xNS2cZWf3f",Wed Jan 22 22:51:39 +0000 2020,poppyoflondon,1195,1,3,,,,London
1220110667992031232,1,"The world should be angry as hell for China initially focusing on silencing voices about the coronavirus instead of focusing on controlling it. https://t.co/59iXbxWUm9

#blamechina #china #WuhanCoronavirus #coronavirus",Wed Jan 22 22:27:06 +0000 2020,danharris,9812,0,17,,,,Mostly Seattle
1220111751435284480,1,"#WuhanPneumonia #WuhanCoronavirus #WuhanVirus #Wuhan #coronavirus

Fuck 50-cents and CCP üò° https://t.co/1OQswmWcYZ",Wed Jan 22 22:31:24 +0000 2020,UniversE22333,45,0,0,,,,
1220107415196139525,3,"#China ü¶† #WuhanCoronavirus

Chinese of the Hubei region love bats and wild animals. They often share their dishes on the networks.

Not wondering, #coronavirus is spreading do to this inhumane behaviour 

üó£ Please do not contact with Chinese in your region üôè https://t.co/utIFcEWnE6",Wed Jan 22 22:14:10 +0000 2020,ISCResearch,13121,32,21,,,,"·õè·õâ
34¬∞ N.E  ‚ò¨ "
1220108105612189702,1,"I realized the world is not as interconnected as I thought. While the Wuhan Virus #WuhanCoronavirus is sweeping China (all public transport in Wuhan has been shut) and US flu has killed 6600, twitter trending in UK is now #LibraryShelfieDay and  #BTSinLondon.",Wed Jan 22 22:16:55 +0000 2020,leonardozjt,70,0,3,,,,"UK,Singapore,China"
1220108680206651394,2,"New China Coronavirus Poses ‚ÄòBiological Threat‚Äô to Russia ‚Äì Official

#WuhanCoronavirus #WuhanOutbreak #itshappening

https://t.co/n7gGbFyo1y",Wed Jan 22 22:19:12 +0000 2020,locsei,1425,1,0,,,,"Stockport, England"
1220105287144759298,2,"Complete lock-down of the city for #WuhanCoronavirus in action, whilst nobody knows exactly what is happening and the real numbers inside Wuhan. This is why #HongKongers fear more integration with the mainland China and demand transparency with the Government. https://t.co/G7gQl2or1H",Wed Jan 22 22:05:43 +0000 2020,JanetHYPang1,305,0,0,,,,Hong Kong
1220115072762073088,1,"The Chinese government used to be held responsible for spreading this epidemic and not controlling the outbreak of this wireless and quarantine.ü§Øü§Øü§Ø

China's coronavirus could have same death rate as Spanish flu pandemic that killed 50m people https://t.co/2HoxoabU16 via @Yahoo",Wed Jan 22 22:44:36 +0000 2020,soloalam1,88,0,1,,,,
1220117245294252037,2,"China üá®üá≥ is facing another dangerous epidemic and more deadly, it seems they will never learn and stop eating üêΩ, and üê∂ meat and üôÄ, and ü¶é and all Caine of abomination, when would these Goyim learn? To distinguish between the clean and onclean, they behave like the Christian",Wed Jan 22 22:53:14 +0000 2020,Amitai40261237,1,0,0,,,,
1220111501945499648,4,Ban #Dog and #Cat meat. Pandemic potential #Corona and #Rabies virus mutating causing epidemic diseases. #Sars from Chinese eating #CivetCat. Animals not created for food. TRAVEL BAN INCUBATION PERIOD! @realDonaldTrump @VP @senatemajldr @GOPLeader @GOPChairwoman @LindseyGrahamSC https://t.co/FqaNO1dyQa,Wed Jan 22 22:30:25 +0000 2020,Loire1,4638,0,1,,,,
1220112852599627776,1,"backstory tho during the sars epidemic my mum, brother and me got food poisoning in the uk and we ended up being put in proper isolation wards bc they were chinese even tho our symptoms didn‚Äôt match and I ended up nearly dying bc they didn‚Äôt give me the medicine I needed",Wed Jan 22 22:35:47 +0000 2020,liberohoseok,133,0,1,,,,elena‚Äôs heart
1220113090781597703,1,"Coronavirus is already spreading.  No quarantine can stop it anymore.  

If Wuhan‚Äôs 11 millions population are quarantined, it might turn it into a massive epidemic. 

EB 

Killer Chinese coronavirus is 'probably' on its way to Britain | Daily Mail Online https://t.co/jboEahi9qr",Wed Jan 22 22:36:44 +0000 2020,ElianaBenador,80557,2,0,,,,"Founder, Benador Associates "
1220113221933240320,1,"On Weibo, Chinese Twitter, we see more and more citizens, in particular the inhabitants of Wuhan, posting videos which, according to them, could explain the epidemic of #coronavirus . Another local specialty: The bat. https://t.co/Bh7xjuKNli",Wed Jan 22 22:37:15 +0000 2020,Tam142Tam142,5025,0,3,,,,Planet Earth
1220109197460692992,4,Ban #Dog and #Cat meat! Pandemic potential #Corona #Rabies virus mutating causing epidemic diseases! #SARS from Chinese eating #Civetcat. Animals not created for food @HongKongFP @moonriver365 @YonhapNews @XHNews @ChinaDaily @ReutersChina @AbeShinzo @JapanGov @japannewstoday @CNN https://t.co/CkmwxHyX4S,Wed Jan 22 22:21:15 +0000 2020,Loire1,4639,0,1,,,,
1220109206864519168,1,"New #China #virus: Death toll rises amid epidemic fear in Guangzhou #AA

üì∏: Jason Zhenda https://t.co/CxLaCmBu6K",Wed Jan 22 22:21:18 +0000 2020,anadoluimages,21083,2,6,,,,Turkey
1220110507379548160,4,Ban #Dog and #Cat meat. Pandemic potential #Corona and #Rabies virus mutating causing epidemic diseases. #Sars from Chinese eating #CivetCat. Animals not created for food! TRAVEL BAN INCUBATION PERIOD! @WHO @CDCemergency @HongKongFP @XHNews @ChinaDaily @ReutersChina @YonhapNews https://t.co/ewAZoXqM1W,Wed Jan 22 22:26:28 +0000 2020,Loire1,4639,0,1,,,,
1220106220603875328,1,"I just finished Guilty Crown and this Chinese epidemic breaks out. Maybe it‚Äôll come to pass, but not in Japan. https://t.co/ws1EFAr93b",Wed Jan 22 22:09:26 +0000 2020,franimorales3,284,0,0,,,,
1220118779020988416,1,"China's #Wuhan #nCoV #coronavirus:

Death toll in the outbreak in China has jumped to 17, with ~500 confirmed cases. There's growing fear the disease could spread.

Hong Kong &amp; Macau have confirmed cases. Other regions have reported a handful of cases.

https://t.co/c8MdomZ8eI",Wed Jan 22 22:59:20 +0000 2020,BiomedJ,11979,1,3,,,,"Chang Gung University, Taiwan"
1220115505622634496,1,Now a group of Chinese scientists suggests the newly identified coronavirus (coronavirus 2019‚ÄênCoV) may boost cross‚Äêspecies transmission from snake to human. How biblical it is. https://t.co/14Qxs34qMc,Wed Jan 22 22:46:19 +0000 2020,AugeasGroup,21,0,2,,,,"Beijing, China"
1220110645926014984,1,"#coronavirus 2019-nCoV new suspected cases reported outside of Asia: Brazil, Canada, Mexico, Colombia... Confirmed cases: ~540, Fatalities: 17, cases reported in 
US, China, Japan, South Korea, Thailand, Taiwan, Macau
human-to-human transmission outside China in Thailand",Wed Jan 22 22:27:01 +0000 2020,Marcel_SWR,166,0,0,,,,Mainz
1220111974677110784,1,"Guess what, nCoV just killed 17 people, infected 544 people, and infiltrated 7 counties (JP, TW, HK, TH, SK, US, &amp; CH). China‚Äôs quarantined the Wuhan City will 11M population",Wed Jan 22 22:32:18 +0000 2020,airirirai,342,0,2,,,,
1220107199801896960,1,Snakes could be the original source of the new coronavirus outbreak in China https://t.co/aCUDOCn0g3 via @ffldcitizen #ncov,Wed Jan 22 22:13:19 +0000 2020,Gate_15_Analyst,1857,0,0,,,,
1219796550957830145,1,"China's contagious killer virus comes to the US: American man in his 30s is hospitalized in Washington state with SARS-like coronavirus after visiting Wuhan, CDC says¬†
via https://t.co/qgdBAUR8PQ https://t.co/0e51sOuPLD",Wed Jan 22 01:38:55 +0000 2020,aleykhat,6126,0,0,,,,The Lone Star State
1219801022601859072,1,"Killer Chinese virus comes to the US, CDC says https://t.co/gKI0acyNFZ",Wed Jan 22 01:56:41 +0000 2020,JaimeABurbano,4224,0,0,,,,"Medellin, Colombia"
1219787115581575168,1,CDC announces first US case of coronavirus that killed 6 in China https://t.co/J23pFhcdDo,Wed Jan 22 01:01:25 +0000 2020,Blackgermans,8416,0,0,,,,Everywhere!
1219901014511321088,1,"It should be interesting to see how the #markets react as this continues

CDC confirms first US case of coronavirus that has killed 9 in China https://t.co/MB3UNY4XuS",Wed Jan 22 08:34:01 +0000 2020,halfbare,109,0,0,,,,
1219902884361322496,1,"Hadn‚Äôt been paying attn to coronavirus news until it hit Seattle, now CDC website has def China theme. Top tile, the new virus. 2nd is about Lunar New Year, biggest travel day in China. 4th tile about flu, pic is extended Chinese family. https://t.co/xex4xHLdoW",Wed Jan 22 08:41:26 +0000 2020,travis_brooks,84,0,1,,,,"Portland, OR"
1219900439900164097,1,"CDC to announce first US case of Chinese coronavirus that has killed 6, CNN reports https://t.co/nws1SISIGG",Wed Jan 22 08:31:44 +0000 2020,crispycritters,16,0,0,,,,"Northridge, CA"
1219902917123047424,1,"That's why we all in the world are under threat of #WuhanCoronavirus
People in China eat what they want, eat what they love, eat what they hate. Crazy.
@marcorubio 
@SolomonYue 
@RichScotford 
@thetimeusedtobe 
@erinhale 
@HawleyMO 
@hoccgoomusic 
@joshuawongcf 
@lihkg_forum https://t.co/gS5MBqyYBu",Wed Jan 22 08:41:34 +0000 2020,iwbubws,30,2,2,,,,
1219936333969395712,1,"El coronel si tiene quien le escriba : New China virus: US announces first case https://t.co/w87qqDXC3v 1st case in Seattle confirmed by CDC, (N. Korea) has closed practically tourism from China fear of infection which if gets out of control it could ultimately bring down regime",Wed Jan 22 10:54:21 +0000 2020,Op1knb,2720,0,0,,,,"Miami, FL USA"
1219924914251149312,1,1st Coronavirus US case confirmed by CDC; virus has killed 6 in China https://t.co/covyOMyEen via @abc7,Wed Jan 22 10:08:59 +0000 2020,gene038,29,0,0,,,,
1219925627790217216,1,CNBC - CDC confirms first US case of coronavirus that has killed 9 in China @CNBC  https://t.co/y2vxYtNa78,Wed Jan 22 10:11:49 +0000 2020,PhilDeCarolis,3679,0,0,,,,"Southern California, U.S."
1219922891300593664,1,Killer Chinese virus has been reported in the U.S. https://t.co/XjOKoLWuVX,Wed Jan 22 10:00:57 +0000 2020,trentholdings,13,0,0,,,,
1219923009487671296,1,CDC confirms first US case of coronavirus that has killed 9 in China https://t.co/iktPpmx7be,Wed Jan 22 10:01:25 +0000 2020,marketcheetah,2039,0,0,,,,
1219923580680536064,1,"Killer Chinese virus comes to the US, CDC says https://t.co/XkTbcOPPdc via @MailOnline",Wed Jan 22 10:03:41 +0000 2020,ArleneBHeed,693,0,0,,,,"North Valley Stream, New York"
1219924341774745600,1,Killer Chinese virus has been reported in the U.S. https://t.co/usSNFR0Vbj,Wed Jan 22 10:06:42 +0000 2020,krishnamurthy_N,832,0,1,,,,"Hyderabad, Andhra Pradesh"
1219936998925881344,1,"@Anne_MarieBrady #chinese naivety blows the world‚Äôs mind. They never believe in god, but believe in a tyranny #ccp. They believe they can conquer the nature that‚Äôs why they will go back to home town no matter what. #WuhanCoronavirus",Wed Jan 22 10:57:00 +0000 2020,Kia7ora,2673,0,0,,,,
1219930158833946624,1,"Chinese authorities have advised people to stop travelling in and out of Wuhan, the city at the centre of a new virus outbreak that has killed 9.

#China #WuhanCoronavirus #WuhanOutbreak",Wed Jan 22 10:29:49 +0000 2020,JaneCarson919,506,0,0,,,,
1219934088083038208,1,Please ask those people who said some of the Hongkongers are spreading unnecessary fear in previous days. Why don't learn from experience even they know how worst while SARS? Stupid Chinese are spreading the virus intentionally lol. #WuhanCoronavirus #WuhanPneumonia #FreeHK https://t.co/VKyW7F9wnf,Wed Jan 22 10:45:26 +0000 2020,ima_llya_lly,12,0,0,,,,Hong Kong
1219927700468453376,2,@TIME Why do people in China consume wild animals in the first place? Unfathomable! #WuhanCoronavirus,Wed Jan 22 10:20:03 +0000 2020,Mattladaround,192,0,2,,,,
1219828519573655552,1,@darhar981 @TrumpsGAGirl I knew this was going to happen...China is the cause of this outbreak among many others. The US knew this.  Why aren‚Äôt we seeing outbreaks elsewhere? Something is fishy. Why the distraction? Or is the CDC and the Big Pharma looking for another pay day?,Wed Jan 22 03:45:57 +0000 2020,BrandySchultz18,395,0,0,,,,
1219830649990909952,1,CDC confirms first US case of coronavirus that has killed 9 in China @CNBC  https://t.co/BsPRs7Zr18,Wed Jan 22 03:54:24 +0000 2020,hakana,37909,2,3,,,,"Istanbul, Turkey"
1219820825500618754,1,CDC confirms first US case of coronavirus that has killed 9 in China https://t.co/54pSoyMAAE,Wed Jan 22 03:15:22 +0000 2020,Eagle4kw,5273,0,0,,,,Kuwait
1219980975859552256,1,"#China - While originally thought to be spreading from animal-to-person, there are growing indications that limited person-to-person spread is happening. It‚Äôs unclear how easily this #virus is... https://t.co/VC7Ag6tkiD",Wed Jan 22 13:51:45 +0000 2020,pharmacistbob,727,0,0,,,,"Charlotte, North Carolina USA"
1219981144734797825,1,"#China - While originally thought to be spreading from animal-to-person, there are growing indications that limited person-to-person spread is happening. It‚Äôs unclear how easily this #virus is... https://t.co/TAKbH15ErV",Wed Jan 22 13:52:25 +0000 2020,diamondrn,2451,0,0,,,,"Charlotte, NC USA"
1219982324646977537,1,"Killer Chinese virus comes to the US, CDC says https://t.co/vmaYPwRUqA via @MailOnline",Wed Jan 22 13:57:07 +0000 2020,BirdsEyeReview_,65,0,0,,,,
1219978969606508554,1,Killer Chinese virus has been reported in the U.S. https://t.co/klF8PO3jbk,Wed Jan 22 13:43:47 +0000 2020,LaFritangaTV,761,0,0,,,,"Puerto Rico, USA"
1219979190436581376,1,Killer Chinese virus has been reported in the U.S. https://t.co/fTGXG2gQdF,Wed Jan 22 13:44:39 +0000 2020,anish_online,936,0,0,,,,Nepal
1219980250886627334,1,"Killer Chinese virus comes to the US, CDC says https://t.co/EV3TWenQpN via @MailOnline",Wed Jan 22 13:48:52 +0000 2020,WandaRufin,265,0,0,,,,"Miami, FL"
1219980297850228736,1,"Coronavirus outbreak kills 9 in China; US has 1 confirmed case, health officials say https://t.co/A1PvSkkm15",Wed Jan 22 13:49:03 +0000 2020,ABC11_WTVD,278016,0,0,,,,"Raleigh Durham, NC"
1219980359661649920,2,"Okay Corona Drinkers! See what you have done! üòÇü§£ jk

This is from China! Everyone needs to get the vaccine because we trust the CDC!

 If you don‚Äôt get the vaccine you might die! Some symptoms of the corona virus are: everything deadly, climate change, and white supremacy! üò± https://t.co/tCSDW8KGKV",Wed Jan 22 13:49:18 +0000 2020,KessenaO,33881,13,22,,,,"New York, USA"
1219976122131238913,1,China coronavirus fears grow as officials warn of mutations and spread - follow live https://t.co/qP8Rm8Jo22,Wed Jan 22 13:32:28 +0000 2020,dollsruleok,75,0,0,,,,surrey england
1219976503456387073,1,"The CDC confirmed a case of the coronavirus in Washington state. The virus started in the central Chinese city of¬†Wuhan¬†late last year. Authorities in¬†China¬†report that it has sickened nearly 440 people and killed nine there. #TWTFrontPage
https://t.co/HAfDnn0rh4",Wed Jan 22 13:33:59 +0000 2020,WashTimes,399196,7,3,,,,"Washington, D.C."
1219976995184005122,1,China coronavirus fears grow as officials warn of mutations and spread - follow live https://t.co/tKP4L5HvQP,Wed Jan 22 13:35:56 +0000 2020,fidelmacook,8162,5,4,,,,France
1219978001036738562,1,CDC confirms first US case of coronavirus that has killed 9 in China #CDC #Coronavirus #Seattle #Washington #Travels #Stocks #Airlines #Health #Healthcare #Hospitals #TradeWar https://t.co/SsqEKchyRi,Wed Jan 22 13:39:56 +0000 2020,PSuiteNetwork,2985,0,0,,,,NJ NYC Philly AC Central NJ
1219975807252209665,1,1st Coronavirus US case confirmed by CDC; virus has killed 6 in China https://t.co/EMyF9xwYfP https://t.co/l93vfpWDov,Wed Jan 22 13:31:13 +0000 2020,ABC7NY,694551,3,1,,,,New York City
1219971823753924609,1,Killer Chinese virus has been reported in the U.S. https://t.co/kgjzYk4ED7,Wed Jan 22 13:15:23 +0000 2020,grmanz,13643,1,1,,,,"Guangdong, People's Republic o"
1219973316481626113,1,Miss me with the B.S. patented in 2015 by China now we‚Äôre hearing of outbreaks here in the States. Mind you CDC website states as of today there is No Vaccine Coronavirus all we have to do to protect others and ourselves is get this Good Hygiene. So stop with the fear tactics plz https://t.co/Jv157Xj810,Wed Jan 22 13:21:19 +0000 2020,a_justinexo,79,0,2,-82.506284,28.0170115,"Egypt Lake-Leto, FL, United States","Tampa, FL"
1219969829995716608,1,China coronavirus fears grow as officials warn of mutations and spread - follow live https://t.co/PabOSfry3j,Wed Jan 22 13:07:28 +0000 2020,IndyWorld,35127,0,0,,,,"London, United Kingdom"
1219970548098392065,1,CDC confirms first US case of coronavirus that has killed 9 in China https://t.co/lkmv9PyzvA,Wed Jan 22 13:10:19 +0000 2020,AnthonyPierpont,4318,0,0,,,,"Twin Cities, MN"
1219968176475295744,1,1st Coronavirus US case confirmed by CDC; virus has killed 6 in China https://t.co/ynjCk6FGne,Wed Jan 22 13:00:53 +0000 2020,unklar,2588,0,0,,,,"Manvel, TX 77578"
1219981807707230208,2,"@SenTomCotton Hong Kong is suffering from this fatal virus again from China. What's worse is the corrupted Hong Kong government is assisting CCP to conceal the epidemic. They must be accountable for the plague!

#WuhanCoronavirus #WuhanPneumonia #wuhanvirus",Wed Jan 22 13:55:03 +0000 2020,CHHH_Navigator,228,0,4,,,,Hong Kong (not China)
1219982229834629121,2,"„ÄêMindblowingü§Ø!! „Äë

Crazy Chinese drinking *BAT SOUP* !

Are Chinese insane? They learnt nothing after 2003 SARS! You Chinese should stop spreading your deadly virus all over the world! 

#WuhanCoronavirus #WuhanPneumonia #ChinesePneumonia #China #ChinaVirus #Wuhan #wuhanvirus https://t.co/yCcDSkL5cr",Wed Jan 22 13:56:44 +0000 2020,nachenachena,2803,94,115,,,,
1219978174060097538,1,"There is very little trust in official numbers in China, contributing to growing panic over #WuhanCoronavirus (yes, my family is among those who have canceled holiday trips) https://t.co/d3yb07mBGJ",Wed Jan 22 13:40:37 +0000 2020,Lingling_Wei,22555,25,22,,,,"New York, via Beijing"
1219978282067562496,2,‚ÄúIt‚Äôs one person coming in from China. We have it under control. It‚Äôs going to be just fine.‚Äù @realDonaldTrump to @JoeSquawk at @wef on confirmed US case of #WuhanCoronavirus. Trump adds he trusts #China President Xi on transparency about virus. https://t.co/Oxp7Nhj0Gv,Wed Jan 22 13:41:03 +0000 2020,onlyyoontv,61853,15,39,,,,China
1219969983146381312,2,"Compared to threats topping the National Fear Agenda, how much do you fear the new virus from China? 

From the list below, select the threat you fear *more* than #WuhanCoronavirus. If you fear several items more, select the one you fear the most.",Wed Jan 22 13:08:04 +0000 2020,FearDept,57256,9,11,,,,"Washington, D.C."
1219970557967466496,1,Wuhan's local health authority had lied about this at first. They arrested 8 people who posted info about #WuhanCoronavirus online. #China learned nothing from its 2003 SARS crisis. This is what happens when the most basic form of free speech is barred 2/2,Wed Jan 22 13:10:21 +0000 2020,KarenWenLin,1853,0,0,,,,"Toronto, Ontario"
1219982038247387136,1,"The deadly Wuhan coronavirus, known as 2019-nCoV, has killed nine people in China and infected at least 440 around the world. The US identified its first case on Tuesday",Wed Jan 22 13:55:58 +0000 2020,Dimpelsnbytg,34,0,0,,,,
1220086380065214464,1,"Chinese authorities say the outbreak began in a seafood and live-animal market in the city of Wuhan.

The WASHINGTON STATE patient, a man in his 30s, had traveled to Wuhan, but says he did not visit the market in question or know anyone who had the virus. https://t.co/KRL918nYaU",Wed Jan 22 20:50:35 +0000 2020,P4tR10tBoo,24064,55,24,,,,"Here I Am Next To You, Boo!"
1220086430929690625,1,CDC confirms first US case of coronavirus that has killed 9 in¬†China https://t.co/tQndjmCwWN https://t.co/YZbz4qwKI6,Wed Jan 22 20:50:47 +0000 2020,CannabisGroup19,1332,0,0,,,,
1220086565495615488,1,"@Breaking911 More fear mongering from WHO. Contrast the numbers coming out of China with those from the US CDC: Oct 1,2019 thru Jan 11, 2020 there were 13,000,000 to 18,000,000 flu illnesses and 6,600 to 17,000 flu deaths in the US. Regular flu season.",Wed Jan 22 20:51:19 +0000 2020,DDeplora,416,1,2,,,,Texas
1220084782031409154,1,@NaflanesrA @CGTNOfficial when this started popping up the first thing I though about was how china is experimenting with animal DNA. making hybrids. the CDC says it is likely this virus jumped from animals to humans....fishy if you ask me.,Wed Jan 22 20:44:14 +0000 2020,wthnavymom,128,0,1,,,,
1220082520143712257,4,"@EpochTimesChina @EpochTimes ""Nur ein man."" 3-7 day incubation. Pneumonia kills @CDC. International travel protocol 1 advisement coming when @realDonaldTrump? Barn doors after the horse when? Communist biological warfare (#SARS). Chinese Vice Premier Liu He face says everything. @marklevinshow @OANN",Wed Jan 22 20:35:15 +0000 2020,ttrenchj,21,0,0,,,,here
1220082942065696770,1,Killer Chinese virus has been reported in the U.S. https://t.co/9BtQH1sf0z,Wed Jan 22 20:36:56 +0000 2020,DavidBuluku,141,0,0,,,,"Bayonne, NJ"
1220080334789890054,1,"Wuhan, China is QUARANTINED: Ground zero for deadly coronavirus halts all travel in AND out of the city after the CDC begins screening at five US airports as the disease MUTATES after killing 17 and infecting up to 10,000¬†
#tcot
 https://t.co/7X72F0cPMB",Wed Jan 22 20:26:34 +0000 2020,SensibleOne,789,0,1,,,,Taxed to Death New York
1220079502941990913,1,"@DavidBegnaud David I know people in PR are fixed on the continuing tremors &amp; the warehouse supplies scandal but please say something about the emerging threat from a newly-discovered coronavirus out of Wuhan in China. People listen to you &amp; this is some SERIOUS stuff.

https://t.co/Jy4xlf3mKw",Wed Jan 22 20:23:16 +0000 2020,ArmandoACardon1,156,0,2,,,,"San Juan, Puerto Rico"
1220079901014921216,1,"Florida's Republican U.S. @SenRickScott warns CDC director to not trust China to be truthful about outbreak of deadly coronavirus, and calls for high alert. https://t.co/Z5A8WKXtcb via @ScottFist #FlaPol https://t.co/lmKw07heJv",Wed Jan 22 20:24:51 +0000 2020,Fla_Pol,22716,49,131,,,,
1220078014127493120,1,#BREAKING CORONAVIRUS UPDATE: Chinese city of Wuhan shuts down all outbound flights and trains after virus kills 17. No one will be allowed to leave the city after 10 a.m. local time. https://t.co/4oh20UJJQS,Wed Jan 22 20:17:21 +0000 2020,ABC7,1137208,211,234,,,,
1220078623308251137,1,#BREAKING CORONAVIRUS UPDATE: Chinese city of Wuhan shuts down all outbound flights and trains after virus kills 17. No one will be allowed to leave the city after 10 a.m. local time. https://t.co/WsxFmEaVv5 https://t.co/WsxFmEaVv5,Wed Jan 22 20:19:46 +0000 2020,FierceNemeth,96,0,0,,,,
1220076700412862469,1,"Chinese authorities say the outbreak began in a seafood and live-animal market in the city of Wuhan.

The Washington state patient, a man in his 30s, had traveled to Wuhan, but says he did not visit the market in question or know anyone who had the virus. https://t.co/kiXV5O7Rbc",Wed Jan 22 20:12:07 +0000 2020,ABC,15769570,106,107,,,,New York City / Worldwide
1220075726428426240,1,"@WHO 
You are holding off on declaring an International Emergengy until tomorrow?
@cdc can‚Äôt share or confirm the Chain of Infection at this time? 
You already know &amp; we have a right to be informed.

China did close off the ‚Äúmarket‚Äù to cover up zoonotic origin!

#coronavirus",Wed Jan 22 20:08:15 +0000 2020,lisasyoga,624,0,0,,,,"ON, Canada"
1220081247109767168,1,"BREAKING: Chinese city stops outbound flights, trains to fight new virus #WuhanCoronavirus https://t.co/C9KGbwiTCV https://t.co/BJ6oZ7eUwz",Wed Jan 22 20:30:11 +0000 2020,StarAdvertiser,80103,1,5,,,,"Honolulu, Hawaii"
1220086775152087040,1,"DEADLY: In the US, the first case of #WuhanCoronavirus¬†has been confirmed in Washington state.

What started as a mystery virus last month in Wuhan, China, has now killed at least 17 people and infected hundreds more around the world.
https://t.co/GUMS8OIQIa https://t.co/y1esffzhmu",Wed Jan 22 20:52:09 +0000 2020,WakoJoel,2772,65,56,,,,"Kampala, Uganda"
1220077782538997760,1,"In the midst of #WuhanCoronavirus epidemic, #hongkong #gov't announces that travel on Hong Kong-Zhuhai-Macao Bridge will be free for 7 days during the CNY.  Welcome, #china folks.

Is there anyone else as keen on killing #hongkongers as their own effing gov't?

#SOSHK https://t.co/1xXrGTnmiy",Wed Jan 22 20:16:25 +0000 2020,thelonelypigwig,414,11,7,,,,
1220079338588114944,2,#WuhanCoronavirus  apparently came from people eating bats.....You could say the chinese are a bit batty :v,Wed Jan 22 20:22:36 +0000 2020,ericmusicfan,580,0,1,,,,
1220075604080578560,1,"For all the stupid hot takes like this one below, the #WuhanCoronavirus has nothing to do with practicing ‚Äúgood hygeine‚Äù

Like the SARS outbreak in 2002, it has everything to do with the #CCP #lying to üá®üá≥ citizens and failing to take serious action in the early stages of outbreak https://t.co/KqrmXYTxPU",Wed Jan 22 20:07:46 +0000 2020,CFrattini3,243,0,0,,,,"Washington, DC"
1220085867932372992,1,"Fingers crossed for people in Wuhan, China, especially doctors and nurses who are fighting against the coronavirus epidemic on the front line!",Wed Jan 22 20:48:33 +0000 2020,xuyiqing,4335,5,33,,,,"Palo Alto, CA"
1220081868294344704,1,"@AgentSaffron Trust me, not a single democratic nation will be able to do this.

The randi-rona opposition will make a huge issue out of it, and let the epidemic spread all over till the whole world is doomed.

Just saying why China is always ahead! ‚úåÔ∏è",Wed Jan 22 20:32:40 +0000 2020,normaly_abnorml,215,0,1,,,,Zion
1220080569113104387,1,"9 dead, over 440 infected! This is seriousüò≥""The spread of the respiratory virus to Thailand,Japan, S.Korea, Taiwan,&amp; now the US-fueling fears of a broader epidemic,as China enters its busiest travel period of the year""! Can be spread by humans! #OneVoice1 https://t.co/pYsSlDyLEq",Wed Jan 22 20:27:30 +0000 2020,1120Eclipse,21864,63,58,,,,"Toronto, Canada"
1220077172381179904,1,"The new coronavirus that China says has now killed 17 people must be much more dangerous than they‚Äôre letting on. China has shut down trains and buses out of Wuhan city, and now the airports. They didn‚Äôt do that even with the SARS epidemic.üëáüëá
https://t.co/zP4HAzgsvp",Wed Jan 22 20:14:00 +0000 2020,NorskLadyWolf,15353,11,14,,,,USA
1220077660476518401,3,"Is the Chinese virus news? 1.386 billion ppl in China. 200 are sick. 6 died. I‚Äôm really sorry they died, but when vaccines kill kids it‚Äôs ignored. Six people die and it‚Äôs a worldwide epidemic? No, it‚Äôs fear tactic propaganda. The left wants us to worship and rely on big Pharma.",Wed Jan 22 20:15:56 +0000 2020,ConcernedinWNY,63,0,0,,,,
1220078025640800256,1,"I do not doubt Chinese public health officials are suppressing the full extent of the situation. However, the degree of international transparency present in monitoring this epidemic is WORLDS better than the 2003-2004 SARS epidemic, which will hopefully save lives.",Wed Jan 22 20:17:23 +0000 2020,Cytokiine,12,0,0,,,,
1220075296810053633,1,China Is Already Blaming A Slowdown In 2020 On The Coronavirus Epidemic | Zero Hedge https://t.co/nhi6xzVkJw,Wed Jan 22 20:06:33 +0000 2020,bonita_hoss,542,0,0,,,,
1220083536742383616,2,"*Didn't expect this.

""the 2019-nCoV appears to be formed from a combination of a CoV found in bats and another CoV of unknown origin‚Ä¶ likely resided in snakes before being transmitted to humans""

Researchers trace Coronavirus outbreak in China to snakes https://t.co/DEmhcq3wTa",Wed Jan 22 20:39:17 +0000 2020,rob_carlson,3966,2,10,,,,"Wherever you go, there you are"
1220080160994668550,1,"The virus, called 2019 novel coronavirus (2019-nCoV), is known to have infected hundreds of people so far, and Chinese authorities have now reported at least 17 deaths. 

It was first identified in Wuhan late last year and is believed to have jumped from animals to humans at a https://t.co/qhHdq8C2UH",Wed Jan 22 20:25:53 +0000 2020,Evie_Calling,1353,0,0,,,,"Plano, Texas"
1220077691501776897,1,"Dear @UNHumanRights please pay attention to the human rights crisis in Wuhan, China. Hundreds of nCov infected cannot get medical treatment and they wait overnights outside hospital https://t.co/9tZBajeShu",Wed Jan 22 20:16:04 +0000 2020,RZLHongKong,3615,1,1,,,,Hong Kong
